id,area,bedrooms,bathrooms,floors,age,location,condition,garage,furnishing,income,school_distance,hospital_distance,price
965,,5,1,2,1.0,Suburban,Poor,Yes,Semifurnished,21044.0,1.35,3.74,239199.0
325,3444.0,4,2,2,20.0,Rural,Poor,Yes,Semi,118707.0,3.57,8.82,564498.5
53,1146.0,1,3,2,6.0,Suburban,Average,No,Unfurnished,113944.0,4.09,6.78,224731.0
920,3256.0,3,3,2,14.0,rural,Poor,No,Semi,38051.0,8.17,8.64,492360.5
812,,3,3,2,17.0,,Average,,Unfurnished,99732.0,5.98,10.95,206825.0
549,,2,1,1,21.0,,Average,Yes,Semi,46756.0,7.94,2.37,132662.0
239,1063.0,5,2,2,27.0,Urban,Average,Yes,Semi,113794.0,0.63,14.23,203215.0
888,3813.0,4,1,1,26.0,rural,Good,No,Semifurnished,81554.0,4.77,0.85,576393.0
72,1978.0,2,3,1,29.0,Urban,Good,,Semi,86917.0,7.45,14.5,263017.5
213,1900.0,3,3,2,8.0,Suburban,Good,No,Furnished,124871.0,5.1,4.82,378524.5
875,2081.0,4,2,2,18.0,Rural,Average,No,Semi,138330.0,8.17,13.4,728548.0
557,1396.0,5,1,1,28.0,Urban,Poor,Yes,Semi,64786.0,5.5,11.94,222116.0
753,1717.0,1,1,1,16.0,Suburban,Average,No,Semi,99096.0,1.31,8.57,289239.0
878,2117.0,3,3,1,15.0,Suburban,Poor,Yes,Semi,148949.0,7.15,11.38,368312.5
247,1198.0,3,2,1,10.0,Suburban,Poor,No,Unfurnished,67374.0,5.11,5.51,201990.0
593,856.0,3,1,1,10.0,Suburban,Poor,Yes,Semifurnished,119226.0,4.47,7.93,182664.0
833,1666.0,1,3,1,0.0,Rural,Good,Yes,Unfurnished,111137.0,6.86,8.25,292635.5
22,2015.0,3,1,2,5.0,rural,Poor,Yes,Semifurnished,84926.0,7.33,2.89,712322.0
619,2431.0,1,1,1,6.0,rural,Good,,Semifurnished,104146.0,6.81,10.28,397929.0
119,1652.0,5,2,2,23.0,Suburban,Poor,No,Furnished,111960.0,2.5,7.79,313700.0
589,2135.0,3,3,1,19.0,Rural,Average,No,Unfurnished,116090.0,2.85,14.19,354999.0
810,633.0,3,2,2,3.0,Suburban,Good,No,Semifurnished,96312.0,3.57,10.12,137079.0
611,,5,1,2,20.0,rural,Good,Yes,Furnished,85886.0,2.78,8.34,146665.0
786,1253.0,4,1,2,1.0,rural,Poor,Yes,Semifurnished,30750.0,8.94,5.59,225711.0
997,2628.0,2,1,1,26.0,Urban,Poor,Yes,Unfurnished,120846.0,9.93,4.89,394312.0
400,3426.0,5,3,2,23.0,rural,Average,Yes,Furnished,137897.0,5.63,2.01,575876.5
417,3065.0,4,2,1,21.0,Suburban,Average,Yes,Semifurnished,89123.0,1.03,4.31,507334.5
285,3897.0,5,2,1,25.0,,Average,Yes,Furnished,145355.0,7.28,4.34,640209.5
944,2581.0,4,1,2,4.0,Rural,Poor,Yes,Semi,106322.0,7.54,10.33,426736.0
873,1424.0,1,3,1,22.0,,Poor,Yes,Furnished,48647.0,8.27,7.94,173046.5
7,2138.0,5,1,1,,Rural,Good,Yes,Furnished,35728.0,4.66,14.99,289384.0
832,2049.0,1,2,1,24.0,rural,Average,,Unfurnished,89206.0,1.32,2.24,339325.0
600,3751.0,4,1,1,21.0,Urban,Poor,Yes,Furnished,105178.0,5.42,1.11,607819.0
774,,1,2,2,,Urban,Average,Yes,Semi,69999.0,9.99,9.38,332743.5
418,2646.0,1,1,1,,Urban,Good,Yes,Semifurnished,36535.0,1.85,4.01,424992.5
216,3175.0,5,2,1,10.0,Urban,Poor,Yes,Furnished,58885.0,1.33,5.75,550464.5
359,2419.0,3,1,1,25.0,Urban,Poor,No,Semi,70654.0,9.78,10.94,331935.0
517,1376.0,4,1,2,11.0,Rural,Average,Yes,Furnished,34799.0,3.38,7.53,214208.5
37,1582.0,1,2,1,12.0,Rural,Poor,,Furnished,46660.0,9.99,12.83,224001.0
362,3369.0,3,3,2,22.0,Urban,Average,,Furnished,,5.68,3.27,518642.0
793,1394.0,3,1,1,5.0,Suburban,Average,No,Furnished,136528.0,5.2,2.92,287371.0
559,1712.0,4,1,1,16.0,Urban,Good,No,Furnished,143711.0,3.94,14.52,286124.5
6,3592.0,4,2,2,3.0,rural,Good,Yes,Unfurnished,117493.0,4.59,8.8,606760.5
515,1719.0,2,2,2,,rural,Average,No,Unfurnished,88321.0,9.82,3.28,247576.5
691,1865.0,3,2,2,7.0,Suburban,Poor,Yes,Unfurnished,143885.0,7.37,2.45,374020.5
495,1648.0,1,1,2,1.0,Rural,Average,Yes,Semi,120468.0,2.08,10.19,308228.0
817,1672.0,5,2,2,2.0,Suburban,Good,,Semi,97225.0,4.17,12.4,328362.5
290,3311.0,3,2,1,19.0,Rural,Good,Yes,Semi,107201.0,1.71,6.22,527602.5
685,,2,3,1,27.0,Rural,Good,,Semifurnished,35173.0,5.75,3.56,323295.5
276,697.0,4,2,1,16.0,Urban,Average,Yes,Unfurnished,85439.0,1.72,14.77,147415.5
402,2004.0,3,2,1,27.0,,Poor,No,Semi,26743.0,1.1,13.41,269257.5
305,2163.0,3,3,2,14.0,Suburban,Poor,No,Semifurnished,55362.0,4.98,12.14,355698.0
516,1273.0,5,2,2,21.0,Urban,Poor,Yes,Unfurnished,107985.0,1.43,6.1,241760.5
505,3550.0,1,1,2,29.0,Urban,Average,No,Semifurnished,101132.0,6.39,1.23,518642.0
631,784.0,3,1,2,19.0,rural,Good,No,Semi,33753.0,0.76,14.81,84322.5
396,725.0,4,1,1,16.0,Urban,Poor,No,Semi,95020.0,5.13,3.68,135255.0
177,,2,2,1,14.0,Rural,Average,No,Furnished,,6.34,10.62,741328.0
762,1865.0,4,3,1,5.0,,Average,Yes,Unfurnished,40981.0,8.09,2.14,339723.5
424,801.0,1,1,1,28.0,Suburban,Poor,Yes,Semi,147844.0,5.51,7.4,128016.0
488,2323.0,2,2,1,28.0,Rural,Average,Yes,Furnished,57122.0,8.99,6.79,300737.0
511,2095.0,2,3,1,19.0,Suburban,Good,Yes,Furnished,63454.0,1.99,10.21,306149.0
761,2356.0,2,2,2,4.0,Urban,Average,Yes,Semifurnished,,8.53,0.83,371782.0
366,660.0,4,3,1,17.0,rural,Average,No,Semifurnished,85185.0,9.9,1.45,124247.5
140,1279.0,1,2,2,17.0,Suburban,Average,Yes,Semifurnished,,6.07,13.56,191617.5
251,2767.0,2,1,1,16.0,Suburban,Poor,Yes,Unfurnished,54812.0,8.79,12.55,397414.0
932,3649.0,4,2,1,9.0,Rural,Average,No,Furnished,123535.0,3.44,7.5,617392.5
128,2198.0,1,2,2,27.0,Suburban,Good,No,Semifurnished,116055.0,5.14,4.35,348608.5
506,2991.0,1,3,1,0.0,Suburban,Poor,Yes,Semifurnished,139622.0,6.8,1.14,521675.0
408,,5,2,1,25.0,Urban,Average,Yes,Semifurnished,,8.44,8.92,292006.5
605,9948.0,1,2,2,28.0,Suburban,Poor,Yes,Semifurnished,125185.0,5.64,14.78,498037.5
976,3993.0,2,3,1,28.0,Urban,Good,No,Unfurnished,82224.0,1.35,6.66,598136.0
67,3445.0,3,3,2,24.0,,Poor,No,Furnished,114438.0,9.32,12.96,530484.0
275,3431.0,1,3,1,5.0,Suburban,Good,Yes,Furnished,101837.0,8.81,1.08,575207.5
794,1884.0,2,2,2,19.0,Rural,Good,No,Furnished,58826.0,1.32,1.18,308572.0
420,1560.0,3,2,2,5.0,Suburban,Poor,No,Furnished,66562.0,6.45,13.36,250484.0
510,3624.0,3,3,2,26.0,Urban,Good,No,Unfurnished,23880.0,8.59,3.26,515458.0
232,2131.0,3,1,1,17.0,Urban,Poor,Yes,Semifurnished,37106.0,0.92,12.61,311100.0
73,3999.0,2,1,2,9.0,Rural,Poor,No,Furnished,93690.0,2.15,3.62,644351.0
181,3296.0,1,3,2,20.0,Suburban,Poor,No,Furnished,30748.0,2.86,6.69,501727.0
654,2016.0,1,3,2,2.0,Suburban,Average,No,Furnished,484992.0,8.94,3.64,350645.0
790,,3,2,1,8.0,rural,Poor,Yes,Semifurnished,138361.0,8.15,1.39,536989.5
258,2161.0,2,1,1,,Urban,Poor,No,Unfurnished,85171.0,2.91,3.52,348146.5
351,3798.0,2,3,2,,Urban,Good,Yes,Furnished,49661.0,3.53,14.41,554020.5
262,,5,1,2,4.0,Rural,Average,Yes,Furnished,99980.0,5.27,3.28,567243.0
822,3311.0,1,2,2,,Urban,Good,Yes,Semi,85602.0,8.87,11.32,470835.0
260,1576.0,4,3,2,13.0,Rural,Poor,No,Unfurnished,39156.0,8.27,12.19,244784.0
978,3285.0,2,1,1,5.0,,Good,Yes,Unfurnished,115419.0,8.17,8.36,517766.5
999,1296.0,2,1,1,8.0,Suburban,Poor,No,Semifurnished,30195.0,3.23,2.8,220500.5
346,2148.0,3,3,2,28.0,Suburban,Poor,No,Semifurnished,,8.6,1.13,340693.0
570,3657.0,3,2,1,25.0,Urban,Good,Yes,Furnished,37205.0,5.34,8.22,519622.5
21,2891.0,3,1,1,26.0,Rural,Poor,Yes,Unfurnished,109131.0,2.94,9.72,441881.5
135,2588.0,5,1,1,26.0,Rural,Good,No,Furnished,147000.0,5.88,3.5,423487.0
660,3848.0,5,2,1,3.0,,Poor,Yes,Unfurnished,96478.0,3.85,6.98,639965.0
236,2353.0,4,2,2,11.0,rural,Poor,Yes,Unfurnished,57661.0,9.36,7.33,357801.5
836,3830.0,4,2,2,18.0,rural,Average,No,Unfurnished,119108.0,0.97,11.09,620208.0
16,3419.0,1,3,1,12.0,Suburban,Poor,No,Semi,37718.0,1.14,3.87,1084578.0
740,3039.0,3,1,1,26.0,Rural,Poor,Yes,Semi,93927.0,3.34,6.26,461760.5
165,706.0,1,3,2,22.0,Suburban,Poor,Yes,Furnished,47307.0,9.85,6.0,81700.5
78,3652.0,4,2,2,19.0,Urban,Average,Yes,Furnished,83879.0,5.58,6.37,578963.5
404,3567.0,2,1,1,14.0,,Average,Yes,Furnished,493900.0,0.81,12.43,587118.5
590,1812.0,5,3,2,22.0,Suburban,Good,No,Unfurnished,56701.0,6.63,6.25,302321.5
340,2699.0,3,3,1,12.0,,Average,No,Unfurnished,58507.0,7.87,13.89,409178.5
264,2233.0,1,1,1,,,Poor,Yes,Semi,151716.0,7.66,13.05,286239.5
929,582.0,3,1,1,28.0,rural,Poor,No,Semi,39643.0,6.73,14.09,105345.0
186,3072.0,5,1,1,4.0,rural,Poor,No,Semi,93606.0,2.51,11.61,537699.0
49,1767.0,1,1,2,22.0,rural,Poor,Yes,Semi,126514.0,3.34,1.33,286779.0
269,3755.0,4,1,2,13.0,Rural,Average,Yes,Unfurnished,74205.0,4.47,8.49,579904.5
682,2764.0,1,2,2,24.0,Urban,Good,Yes,Semi,448976.0,5.39,3.55,430370.0
949,2701.0,1,2,2,17.0,rural,Poor,No,Furnished,58259.0,5.93,14.95,379623.5
528,1135.0,5,1,2,23.0,rural,Average,No,Unfurnished,74362.0,2.35,9.29,181773.0
245,3499.0,2,2,1,20.0,Urban,Average,Yes,Furnished,79643.0,5.28,10.17,506374.5
599,3349.0,5,1,1,16.0,Suburban,Average,Yes,Semifurnished,53332.0,0.57,5.28,545566.0
937,1184.0,2,3,1,29.0,Urban,Good,,Semifurnished,87288.0,5.66,4.94,173794.0
442,2258.0,4,2,1,5.0,Suburban,Average,No,Semi,33731.0,9.41,3.06,359911.5
731,1738.0,4,2,1,15.0,Urban,Average,,Semi,83370.0,6.41,6.87,304907.0
470,1024.0,3,2,2,11.0,Suburban,Poor,No,Semifurnished,81030.0,7.22,4.05,190431.0
902,1352.0,2,2,1,29.0,,Good,,Semifurnished,101110.0,2.19,12.28,208199.0
704,1217.0,5,2,2,11.0,rural,Good,No,Semi,40750.0,2.32,14.98,211148.0
467,2341.0,2,3,2,25.0,,Average,Yes,Furnished,574428.0,4.05,14.1,378314.5
445,1846.0,1,3,1,11.0,Rural,Poor,Yes,Semi,118658.0,2.81,2.4,336075.0
514,1626.0,3,3,1,21.0,Suburban,Average,No,Semifurnished,128984.0,5.26,1.65,299992.0
681,,5,3,1,8.0,Urban,Poor,No,Unfurnished,102421.0,8.88,3.3,519488.5
799,2895.0,4,1,1,16.0,Suburban,Good,Yes,Furnished,111356.0,3.67,14.21,465310.0
643,1275.0,2,1,1,13.0,Suburban,Poor,Yes,Unfurnished,24042.0,9.91,4.53,154391.0
624,3238.0,3,2,2,7.0,Urban,Good,Yes,Semifurnished,33303.0,0.87,1.64,536442.5
635,3873.0,4,1,2,12.0,rural,Poor,Yes,Semi,,5.79,1.87,615558.0
147,1304.0,3,1,2,15.0,Rural,Poor,No,Furnished,93568.0,9.55,5.14,212846.0
157,1528.0,4,2,1,0.0,Rural,Poor,No,Semi,111288.0,2.59,12.85,290462.0
477,2868.0,5,1,2,22.0,rural,Good,Yes,Unfurnished,27435.0,7.92,14.24,415559.5
191,,5,3,1,15.0,rural,Average,No,Unfurnished,102234.0,0.69,10.26,427503.0
283,,1,3,2,24.0,Rural,Poor,,Unfurnished,119292.0,6.57,6.96,261654.0
900,2724.0,2,1,1,26.0,Suburban,Good,No,Unfurnished,129545.0,8.72,2.64,402199.5
927,3224.0,4,1,1,23.0,Urban,Good,Yes,Semi,70508.0,5.78,1.57,483570.0
633,511.0,2,3,1,17.0,Rural,Good,No,Furnished,84922.0,4.87,10.47,100279.0
767,716.0,4,2,2,3.0,rural,Average,,Semi,127044.0,9.82,11.91,179457.0
620,9711.0,1,3,2,14.0,rural,Average,No,Semi,109126.0,3.71,9.68,1051102.0
224,1148.0,5,3,2,12.0,rural,Good,Yes,Semi,,9.55,6.82,236905.0
168,3439.0,3,3,2,10.0,rural,Good,No,Semi,138740.0,6.07,6.47,572995.0
10,1738.0,2,3,2,2.0,Urban,Good,No,Unfurnished,80408.0,9.39,2.82,320453.0
950,749.0,3,2,1,25.0,Rural,Poor,Yes,Semifurnished,116612.0,7.58,11.39,109620.0
58,2935.0,3,2,1,8.0,Suburban,Good,Yes,Furnished,77889.0,4.45,5.09,504376.5
200,2143.0,2,2,1,2.0,Suburban,Average,No,Furnished,,2.02,7.37,351722.5
339,,3,3,2,7.0,Urban,Average,No,Furnished,124580.0,4.48,1.82,201153.0
298,,5,2,1,25.0,,Poor,No,Furnished,55208.0,9.39,7.56,575692.0
655,10938.0,1,3,1,14.0,,Good,No,Furnished,81720.0,3.63,10.21,1120778.0
338,1654.0,5,1,1,23.0,Urban,Average,Yes,Furnished,34953.0,0.7,1.74,277104.5
627,1791.0,5,1,1,13.0,Suburban,Average,Yes,Furnished,55187.0,9.69,9.04,270337.5
301,,3,1,2,21.0,Suburban,Good,No,Furnished,51213.0,5.59,13.98,331074.5
316,2134.0,3,3,2,25.0,rural,Good,No,Semifurnished,39867.0,3.67,7.71,302958.5
584,2765.0,4,1,1,0.0,Suburban,Average,,Semi,100052.0,7.58,3.89,473828.0
554,,3,2,1,18.0,rural,Average,No,Semi,133012.0,4.71,13.75,202810.0
625,3998.0,2,1,1,,Urban,Average,Yes,Unfurnished,91743.0,7.54,8.15,620677.5
461,,2,3,2,3.0,rural,Poor,Yes,Semi,71638.0,4.31,4.37,586960.0
847,3979.0,5,2,1,2.0,Suburban,Good,No,Semi,116372.0,9.25,14.96,643054.0
146,2251.0,5,1,2,5.0,Urban,Good,Yes,Semi,21407.0,3.69,0.55,400318.5
282,3772.0,3,1,2,10.0,Urban,Good,Yes,Furnished,116176.0,2.72,9.01,603066.0
367,2103.0,2,2,1,10.0,Urban,Average,Yes,Furnished,53477.0,3.02,10.54,317459.5
919,2500.0,3,2,1,6.0,rural,Good,,Furnished,32191.0,3.78,11.66,373452.5
145,2954.0,2,1,2,,Rural,Poor,No,Semi,48690.0,9.19,12.2,413242.0
194,3104.0,2,2,2,8.0,Rural,Poor,Yes,Furnished,45616.0,3.74,11.57,489925.0
268,702.0,4,2,2,3.0,Suburban,Good,Yes,Semi,,1.35,11.34,167378.5
394,3854.0,4,1,2,10.0,Rural,Poor,Yes,Unfurnished,139440.0,2.1,10.94,629390.0
782,538.0,4,3,2,28.0,Rural,Average,No,Semifurnished,96000.0,0.59,7.75,103704.0
430,1639.0,3,3,2,5.0,,Poor,No,Furnished,,2.5,6.44,296376.5
814,2720.0,4,1,2,18.0,Rural,Good,Yes,Semifurnished,127648.0,3.88,13.46,461311.0
500,2852.0,1,2,2,9.0,Rural,Average,Yes,Semi,63169.0,2.15,13.76,450857.5
126,3140.0,1,3,1,24.0,Urban,Good,Yes,Semifurnished,138910.0,6.86,3.27,490251.0
465,1037.0,5,3,1,23.0,Suburban,Poor,Yes,Furnished,49113.0,1.96,8.7,182644.5
259,1653.0,3,3,2,9.0,Suburban,Average,Yes,Semi,56160.0,8.14,4.13,296883.0
582,1727.0,5,1,2,0.0,rural,Good,No,Furnished,105366.0,5.33,8.02,320614.0
471,3375.0,1,2,2,,Suburban,Average,,Semi,31814.0,2.31,2.41,515145.0
800,689.0,1,3,1,,rural,Average,No,Furnished,146340.0,5.46,6.43,175081.0
212,5724.0,3,3,2,15.0,Urban,Good,No,Unfurnished,44099.0,7.83,9.81,305658.5
443,3113.0,1,1,2,28.0,Suburban,Average,Yes,Furnished,144647.0,7.07,12.28,474526.5
975,2650.0,4,3,2,26.0,Rural,Good,Yes,Semifurnished,21620.0,3.7,1.89,413638.0
117,3068.0,3,3,2,16.0,Rural,Good,No,Furnished,75390.0,8.22,8.88,485935.0
791,955.0,1,2,1,12.0,Suburban,Good,Yes,Unfurnished,151792.0,9.69,9.07,128752.0
807,1428.0,4,2,2,2.0,Rural,Average,No,Unfurnished,86617.0,7.67,8.16,252525.5
818,579.0,5,3,1,7.0,Suburban,Average,No,Furnished,102867.0,4.49,1.05,179704.5
613,2805.0,4,2,1,11.0,Rural,Poor,Yes,Semifurnished,103848.0,4.83,7.46,463566.0
573,1743.0,2,3,1,17.0,Suburban,Good,Yes,Furnished,,1.27,1.49,299566.5
759,6057.0,2,3,1,26.0,rural,Good,Yes,Unfurnished,124089.0,1.0,12.64,344227.5
980,1829.0,2,3,1,26.0,Rural,Good,No,Unfurnished,140050.0,2.62,2.55,307013.0
585,3021.0,2,1,2,25.0,Urban,Poor,Yes,Semi,137478.0,2.1,1.22,500842.0
403,952.0,2,1,1,24.0,Suburban,Good,No,Furnished,,2.28,4.42,144301.0
887,1297.0,2,3,2,4.0,Urban,Poor,Yes,Furnished,144633.0,1.31,1.32,299778.5
646,2125.0,1,2,1,24.0,rural,Good,No,Semifurnished,112282.0,3.63,13.48,647702.0
823,1752.0,5,1,1,1.0,Urban,Poor,Yes,Furnished,116261.0,1.24,0.62,381851.5
811,2605.0,3,2,1,3.0,rural,Average,Yes,Unfurnished,117352.0,2.25,2.14,474007.0
263,2195.0,2,2,1,5.0,Rural,Poor,Yes,Semifurnished,92320.0,4.82,7.81,358460.0
686,1796.0,4,2,1,21.0,Rural,Average,No,Semi,,1.59,3.8,356566.5
440,2565.0,5,3,2,2.0,rural,Good,Yes,Semi,83749.0,6.61,7.55,447398.5
336,3363.0,1,3,2,22.0,rural,Good,No,Furnished,25470.0,2.46,9.47,489388.0
197,3193.0,5,1,2,15.0,,Average,No,Semi,110369.0,6.96,13.3,528972.5
614,996.0,2,1,2,25.0,Suburban,Good,No,Semi,44127.0,6.03,5.91,131867.5
945,3919.0,2,2,2,27.0,Suburban,Average,Yes,Furnished,64565.0,6.79,6.51,574286.5
829,2594.0,2,2,2,28.0,Rural,Poor,No,Furnished,110937.0,8.88,10.24,363799.5
74,3056.0,3,1,1,9.0,Suburban,Good,Yes,Semi,54235.0,3.93,12.26,477231.5
789,2183.0,5,2,1,28.0,rural,Average,Yes,Furnished,46572.0,2.29,3.28,339332.0
701,,5,2,1,14.0,rural,Poor,No,Semifurnished,128103.0,4.59,4.38,195997.5
821,702.0,3,2,1,0.0,Suburban,Poor,Yes,Semifurnished,98972.0,1.25,2.65,193693.0
496,2697.0,3,3,2,,rural,Poor,,Semifurnished,149207.0,8.08,13.01,490991.5
256,2932.0,3,2,1,11.0,Urban,Good,Yes,Furnished,148364.0,1.19,0.5,533946.0
220,3930.0,4,1,2,0.0,Rural,Poor,Yes,Unfurnished,69355.0,2.41,9.22,657757.5
398,1297.0,2,2,2,19.0,rural,Good,No,Semifurnished,48481.0,9.49,9.46,177851.5
178,3032.0,4,3,1,24.0,,Average,No,Unfurnished,101494.0,8.98,9.75,468951.0
715,3495.0,5,3,1,29.0,,Poor,No,Furnished,29079.0,5.61,12.63,522354.5
387,2193.0,2,3,1,20.0,Suburban,Good,No,Semi,147049.0,6.56,10.2,366831.5
47,1062.0,1,1,1,23.0,Suburban,Average,No,Semifurnished,99315.0,9.66,1.92,160133.5
892,3690.0,1,2,2,0.0,Rural,Average,Yes,Furnished,84994.0,9.0,4.31,568413.0
141,3477.0,4,2,2,14.0,Urban,Good,No,Furnished,99790.0,5.18,13.99,550406.0
629,1691.0,3,1,2,,,Poor,Yes,Semi,91776.0,6.21,6.75,530104.0
610,3339.0,3,1,2,18.0,rural,Poor,Yes,Semifurnished,67663.0,4.92,7.08,505296.5
931,3656.0,4,2,2,17.0,Suburban,Average,Yes,Furnished,118850.0,8.71,9.42,567854.0
781,2381.0,5,3,2,,Suburban,Good,Yes,Semi,139156.0,9.3,3.76,451079.0
501,2215.0,2,2,1,7.0,rural,Average,No,Furnished,93282.0,3.71,4.35,372864.0
79,2455.0,2,1,2,19.0,Rural,Poor,No,Unfurnished,78560.0,9.96,14.01,348332.0
921,2168.0,4,1,1,22.0,Rural,Good,No,Unfurnished,81715.0,2.84,13.3,339699.5
483,,3,2,2,3.0,Rural,Good,Yes,Semi,138645.0,4.1,5.41,546648.5
526,768.0,3,3,1,10.0,Urban,Good,No,Furnished,60828.0,3.96,1.87,149386.0
915,904.0,4,2,1,0.0,Urban,Average,No,Furnished,125473.0,3.65,9.82,240589.5
785,1152.0,3,1,2,16.0,Rural,Good,No,Unfurnished,,6.86,11.94,155714.0
820,3784.0,4,2,2,25.0,Urban,Poor,No,Unfurnished,144597.0,0.56,8.36,631672.5
334,11010.0,4,2,1,7.0,rural,Poor,No,Semi,78502.0,4.85,0.77,601687.0
472,2029.0,3,1,1,4.0,,Average,Yes,Semifurnished,119340.0,3.98,4.88,381637.0
109,1263.0,5,3,1,24.0,Suburban,Good,Yes,Furnished,69597.0,4.83,1.54,216701.5
835,,2,2,2,7.0,rural,Poor,Yes,Furnished,65717.0,4.97,6.55,297931.5
172,3812.0,4,3,1,23.0,Urban,Good,No,Semi,42486.0,6.66,8.71,575319.0
698,2992.0,2,1,2,2.0,Suburban,Good,Yes,Furnished,87838.0,5.74,2.19,491574.0
84,3961.0,1,2,2,13.0,rural,Poor,Yes,Unfurnished,178640.0,6.16,2.77,602346.0
137,2682.0,4,2,2,11.0,rural,Poor,No,Unfurnished,130084.0,8.11,2.67,452403.0
491,1353.0,3,1,2,10.0,,Good,No,Furnished,149753.0,5.67,2.24,282078.5
12,1982.0,3,2,2,2.0,Urban,Good,No,Unfurnished,149526.0,2.16,4.64,386158.0
907,3342.0,3,1,1,21.0,rural,Poor,Yes,Semifurnished,105707.0,1.78,7.42,530016.5
914,884.0,2,2,1,3.0,Suburban,Poor,Yes,Semifurnished,52334.0,7.69,4.52,153017.0
190,3657.0,5,3,1,21.0,Suburban,Poor,No,Furnished,116297.0,2.73,13.07,593992.5
452,3509.0,5,2,2,10.0,Urban,Good,Yes,Semi,61025.0,6.68,2.13,585915.5
842,3283.0,5,3,1,5.0,rural,Good,Yes,Semifurnished,43104.0,8.62,13.47,534080.0
592,2257.0,2,3,2,26.0,Urban,Poor,Yes,Unfurnished,141324.0,8.33,7.6,348373.0
93,701.0,5,2,1,26.0,,Poor,Yes,Unfurnished,72797.0,8.8,13.69,84082.5
647,3569.0,2,3,1,26.0,Rural,Average,No,Unfurnished,34016.0,4.69,10.45,509480.0
861,540.0,4,1,1,21.0,rural,Average,Yes,Semifurnished,79180.0,2.85,13.58,86958.0
744,,2,2,2,26.0,Rural,Average,No,Semifurnished,108916.0,1.74,1.64,341014.0
347,1943.0,2,1,1,8.0,rural,Average,No,Unfurnished,67761.0,2.38,3.93,319475.5
309,1140.0,2,1,2,4.0,rural,Good,Yes,Semifurnished,,4.33,14.18,232167.5
385,1545.0,5,1,2,10.0,Urban,Average,Yes,Furnished,104181.0,4.4,13.07,266914.5
763,999.0,4,3,2,16.0,Rural,Poor,No,Semi,44143.0,5.33,9.34,162189.5
830,1756.0,5,3,1,18.0,rural,Poor,No,Furnished,149529.0,9.45,6.22,319212.5
866,,5,1,1,6.0,rural,Poor,Yes,Furnished,79902.0,4.03,11.29,622929.0
208,1996.0,2,2,2,4.0,Urban,Poor,No,Semi,71962.0,8.2,14.36,322909.0
455,1909.0,3,2,2,10.0,Suburban,Poor,,Furnished,97994.0,2.96,4.17,349095.0
709,,3,2,2,8.0,rural,Average,Yes,Semi,132036.0,3.02,7.45,172457.0
995,1258.0,2,3,1,5.0,rural,Poor,No,Furnished,31110.0,6.95,2.98,222361.0
953,2665.0,2,1,2,16.0,Suburban,Poor,Yes,Semifurnished,58563.0,4.86,1.21,417100.5
196,3560.0,1,2,1,14.0,Rural,Good,No,Furnished,31182.0,0.57,3.82,1061446.0
434,3475.0,5,2,1,17.0,rural,Good,No,Semifurnished,133100.0,8.13,13.87,553411.0
652,1325.0,5,3,1,4.0,Suburban,Good,No,Semifurnished,138171.0,8.8,6.37,281093.5
737,3580.0,3,1,2,,Rural,Poor,Yes,Semi,100703.0,4.53,9.19,575326.5
952,937.0,4,1,2,8.0,Rural,Average,Yes,Unfurnished,148355.0,3.38,5.65,226083.5
530,2193.0,2,1,1,27.0,Urban,Average,Yes,Furnished,143973.0,5.85,1.28,361155.5
710,1384.0,2,1,2,4.0,Rural,Good,Yes,Semifurnished,77602.0,7.02,5.83,229797.0
983,1858.0,2,1,1,19.0,Rural,Average,No,Semifurnished,91629.0,2.03,1.77,298666.5
754,2040.0,2,1,2,3.0,rural,Good,Yes,Semi,69756.0,8.17,14.22,296797.0
716,3438.0,1,3,2,29.0,Urban,Good,Yes,Semi,28399.0,1.17,9.94,953405.0
868,1428.0,5,1,2,,Suburban,Good,Yes,Semi,,7.39,6.85,226697.0
503,1337.0,5,3,1,3.0,rural,Poor,No,Semifurnished,,4.3,5.15,271820.0
19,3880.0,4,2,2,,Rural,Poor,No,Semifurnished,59619.0,6.52,2.14,576594.5
131,878.0,2,3,2,0.0,Suburban,Poor,,Semifurnished,23443.0,3.91,5.16,172485.5
105,1378.0,2,3,1,8.0,Rural,Poor,No,Semi,134316.0,1.87,9.61,550306.0
606,1515.0,4,1,2,3.0,Rural,Poor,Yes,Semifurnished,56404.0,4.85,14.21,252675.0
556,3808.0,3,1,2,24.0,Rural,Poor,Yes,Furnished,,3.99,4.81,591176.5
568,2179.0,5,3,1,6.0,Rural,Good,No,Semifurnished,124672.0,0.78,14.26,433364.0
65,3917.0,2,1,1,18.0,Urban,Good,No,Semi,,1.64,3.92,574678.0
860,1368.0,1,3,1,23.0,rural,Average,No,Semi,91147.0,7.76,3.09,228359.5
904,562.0,2,2,2,15.0,Suburban,Good,Yes,Semifurnished,138600.0,4.47,11.42,60055.0
700,575.0,4,3,2,21.0,Suburban,Good,Yes,Semi,,9.97,6.84,139517.5
601,,1,1,2,1.0,,Poor,No,Semifurnished,96325.0,0.86,7.7,627924.5
8,2669.0,2,3,1,5.0,rural,Average,No,Semi,26997.0,3.45,4.66,446083.5
735,1250.0,2,2,2,21.0,Rural,Poor,Yes,Semi,32916.0,9.53,6.6,286902.0
449,3859.0,4,2,1,0.0,Rural,Average,Yes,Semi,23832.0,7.18,5.85,615988.0
419,2268.0,2,3,2,17.0,Rural,Poor,No,Unfurnished,86490.0,1.0,7.5,375647.0
864,,2,3,1,4.0,Rural,Good,Yes,Semifurnished,79840.0,7.42,7.0,484420.0
148,2646.0,4,1,2,,Urban,Poor,Yes,Semifurnished,78560.0,5.56,6.62,401522.0
894,2324.0,5,1,1,24.0,Rural,Good,Yes,Semi,104361.0,4.4,10.49,373524.5
125,2022.0,4,1,1,11.0,Rural,Average,Yes,Semi,142971.0,8.74,3.3,359463.5
913,1010.0,1,1,1,6.0,Urban,Poor,Yes,Semi,146236.0,8.99,5.68,297119.0
560,1203.0,3,2,1,2.0,Rural,Average,Yes,Furnished,96425.0,5.48,8.14,220712.5
667,3467.0,3,1,2,2.0,Urban,Poor,Yes,Semifurnished,121311.0,7.74,1.75,576050.5
64,3324.0,5,2,1,20.0,Rural,Poor,Yes,Unfurnished,24137.0,1.04,2.4,544309.5
653,,5,3,2,0.0,Suburban,Average,,Semi,,1.07,5.77,443671.0
816,1314.0,5,1,1,19.0,rural,Good,Yes,Furnished,108905.0,5.82,1.3,268067.5
959,735.0,4,3,2,,Suburban,Average,,Semi,597828.0,1.44,0.98,222567.5
98,3842.0,4,1,2,,Urban,Poor,,Semi,50373.0,5.31,1.54,589599.5
162,1370.0,1,2,1,,Rural,Average,Yes,Semi,34390.0,4.48,3.62,167588.0
824,2199.0,3,1,1,28.0,Suburban,Poor,Yes,Furnished,110748.0,7.21,2.94,332485.0
617,1351.0,1,2,1,12.0,,Good,Yes,Semi,57500.0,5.29,3.24,228499.0
32,521.0,2,2,2,5.0,rural,Poor,No,Semi,69316.0,1.52,5.08,124257.0
499,,2,3,1,12.0,,Good,No,Semi,297548.0,4.91,12.87,623417.5
671,2071.0,1,3,2,22.0,Urban,Average,,Semi,83745.0,1.05,6.16,333522.5
938,1216.0,3,2,1,28.0,rural,Good,Yes,Semi,78959.0,1.19,12.65,166607.5
363,3734.0,2,1,2,4.0,rural,Good,No,Semi,90134.0,3.06,8.0,595665.0
520,3921.0,2,3,2,9.0,rural,Poor,No,Semifurnished,80102.0,9.32,14.48,605345.0
579,1457.0,5,2,2,26.0,Suburban,Average,Yes,Unfurnished,121839.0,0.86,3.62,270557.5
690,1228.0,5,3,1,9.0,Rural,Average,No,Semifurnished,48036.0,0.7,1.59,251826.0
964,2948.0,4,3,2,15.0,Suburban,Poor,No,Semi,120417.0,4.44,14.33,500079.5
204,2163.0,1,1,2,6.0,Suburban,Poor,Yes,Unfurnished,147398.0,6.41,5.72,386481.0
771,3641.0,3,3,2,1.0,,Poor,Yes,Semi,82888.0,8.03,8.63,612080.0
453,654.0,3,2,2,12.0,Urban,Average,,Semifurnished,33107.0,1.36,14.04,107909.5
151,3273.0,3,3,1,,,Poor,No,Semifurnished,39881.0,1.73,1.05,548399.5
311,3020.0,1,1,1,,,Poor,,Furnished,94755.0,5.17,10.32,471478.5
733,734.0,3,3,1,21.0,rural,Average,No,Semi,88359.0,2.35,6.35,158544.5
34,1247.0,2,2,2,1.0,Urban,Good,No,Semifurnished,79342.0,9.14,13.18,211075.0
850,1531.0,4,1,2,,,Poor,No,Semifurnished,105469.0,6.17,3.06,286707.5
56,,1,3,2,0.0,Suburban,Poor,No,Furnished,135267.0,9.82,6.68,459678.5
238,2989.0,4,1,1,20.0,,Poor,Yes,Semi,113898.0,8.32,0.95,482814.0
307,,2,3,1,8.0,Suburban,Average,No,Semifurnished,71588.0,8.54,13.54,436407.0
318,2287.0,4,3,1,19.0,rural,Good,Yes,Unfurnished,104161.0,2.77,3.15,421838.5
527,869.0,1,3,1,20.0,Rural,Poor,Yes,Furnished,89526.0,8.51,11.5,126488.0
718,3722.0,4,1,1,24.0,Suburban,Poor,No,Semifurnished,112906.0,7.78,5.35,591489.0
695,2724.0,3,1,2,20.0,Urban,Average,Yes,Semi,23052.0,9.7,8.58,371117.0
361,837.0,2,1,1,8.0,Rural,Average,No,Semi,125723.0,9.27,6.42,149807.5
228,1183.0,4,3,1,23.0,rural,Poor,No,Furnished,122413.0,5.97,1.06,217122.5
880,755.0,1,1,1,27.0,rural,Poor,Yes,Semifurnished,115119.0,1.81,9.25,128053.5
650,1116.0,2,3,1,14.0,rural,Average,No,Semifurnished,47938.0,8.88,10.51,147401.0
746,2176.0,5,3,1,29.0,Rural,Good,Yes,Furnished,114455.0,0.75,12.83,376863.5
448,1125.0,2,2,2,,rural,Poor,Yes,Furnished,121121.0,1.19,14.24,199220.5
136,3599.0,2,1,2,,Suburban,Average,No,Furnished,61115.0,9.21,5.69,568813.5
696,2135.0,5,2,1,28.0,Rural,Poor,Yes,Semi,64377.0,5.1,4.21,338646.5
277,3529.0,2,2,1,11.0,Rural,Good,Yes,Semifurnished,,7.34,6.06,537843.0
473,3450.0,5,2,2,24.0,rural,Average,Yes,Semifurnished,30024.0,1.51,13.48,538251.0
296,2034.0,4,2,1,7.0,Suburban,Poor,Yes,Semifurnished,34266.0,5.31,0.79,350523.0
662,3308.0,2,2,1,28.0,rural,Average,Yes,Semifurnished,32161.0,4.26,12.46,452751.5
411,3743.0,2,3,1,4.0,,Poor,No,Semifurnished,85242.0,2.87,9.62,598695.0
963,2348.0,5,3,1,2.0,rural,Average,Yes,Unfurnished,,8.64,1.55,443899.5
405,1315.0,3,1,2,8.0,Urban,Average,Yes,Furnished,275092.0,7.56,8.02,213241.5
795,,2,2,1,19.0,Urban,Poor,No,Unfurnished,109051.0,5.81,11.8,372161.5
144,1002.0,1,1,2,18.0,Suburban,Average,Yes,Unfurnished,91260.0,2.84,13.5,137371.0
76,,1,3,2,7.0,rural,Average,Yes,Semifurnished,156488.0,1.17,3.6,94898.0
373,2419.0,5,2,1,26.0,Urban,Good,Yes,Furnished,28061.0,8.12,6.45,336664.5
566,3647.0,4,2,2,2.0,rural,Poor,Yes,Semifurnished,142961.0,5.98,10.0,614563.5
185,1559.0,1,1,2,11.0,Suburban,Poor,Yes,Unfurnished,94231.0,7.0,5.1,234289.5
59,,5,2,1,29.0,Suburban,Average,No,Furnished,,2.08,11.72,212990.5
413,8115.0,4,1,1,19.0,,Average,Yes,Unfurnished,63730.0,2.92,10.81,430773.0
234,3804.0,1,3,2,27.0,Rural,Good,Yes,Unfurnished,131825.0,0.63,4.9,594706.5
876,11472.0,1,3,2,17.0,,Good,No,Semi,120304.0,7.08,6.89,615750.0
92,,1,3,1,12.0,rural,Good,No,Semi,35032.0,0.66,1.74,228080.0
320,2893.0,1,1,2,29.0,Urban,Good,No,Furnished,104685.0,3.4,6.77,425622.5
621,2927.0,1,3,2,22.0,Urban,Average,Yes,Semi,114979.0,9.39,1.94,441983.5
91,,3,3,1,3.0,Rural,Good,No,Semi,55897.0,1.39,2.26,369423.5
712,3670.0,2,3,1,22.0,,Poor,Yes,Furnished,50766.0,3.05,5.84,572427.0
819,3433.0,3,1,1,13.0,Urban,Average,Yes,Semifurnished,57528.0,5.84,5.82,529107.0
97,1315.0,1,2,2,,Urban,Average,Yes,Semifurnished,39751.0,3.54,9.19,183820.5
54,2568.0,2,3,2,,Urban,Good,No,Semi,,1.34,12.1,415539.5
486,3925.0,5,3,1,28.0,Rural,Average,Yes,Semi,,6.68,13.1,601137.0
896,3636.0,5,1,2,13.0,Suburban,Average,Yes,Furnished,74225.0,9.01,3.4,577089.5
676,3210.0,3,1,1,12.0,Rural,Average,Yes,Semifurnished,68542.0,7.79,4.99,493466.0
792,1328.0,3,2,1,5.0,Suburban,Average,,Furnished,146898.0,3.05,14.84,276663.0
722,2656.0,1,1,1,13.0,Urban,Poor,Yes,Semi,63162.0,9.7,7.93,357267.0
322,1516.0,5,1,2,15.0,rural,Good,No,Unfurnished,96958.0,4.88,1.58,287816.0
948,2074.0,5,3,1,4.0,Rural,Average,Yes,Semi,,3.3,4.52,354776.0
356,2700.0,4,1,2,11.0,Suburban,Good,Yes,Furnished,96102.0,1.28,4.05,467154.0
545,2431.0,5,3,1,12.0,Suburban,Average,No,Unfurnished,123712.0,3.83,2.8,457271.0
81,3959.0,1,3,2,13.0,Urban,Average,No,Semi,,8.25,7.92,622414.0
429,1492.0,1,1,2,5.0,Rural,Poor,No,Furnished,62462.0,6.14,3.89,236080.0
182,,4,1,2,19.0,,Average,Yes,Unfurnished,,9.89,2.37,664361.0
40,3247.0,4,1,2,27.0,rural,Good,No,Semi,28605.0,6.8,4.9,454407.5
507,3160.0,1,2,2,10.0,,Poor,No,Unfurnished,138764.0,8.44,10.95,485101.0
879,3430.0,1,3,1,,Suburban,Good,Yes,Semi,133870.0,4.41,7.58,579034.0
882,2338.0,1,1,2,16.0,Rural,Poor,No,Furnished,100632.0,5.48,14.76,322097.0
537,2474.0,5,3,2,21.0,Urban,Poor,Yes,Furnished,105326.0,9.68,14.25,398457.0
575,3618.0,1,1,1,19.0,Rural,Average,No,Furnished,,9.53,3.61,562223.5
752,9543.0,1,1,2,24.0,Urban,Average,Yes,Furnished,78865.0,0.59,2.38,484793.5
688,1095.0,1,1,2,4.0,Rural,Average,No,Furnished,135074.0,5.53,2.35,214060.0
917,1017.0,4,3,1,,,Average,Yes,Furnished,42398.0,1.94,13.13,165171.0
233,1995.0,2,2,1,2.0,Urban,Average,No,Semi,78123.0,1.86,12.72,337101.5
897,2693.0,4,3,1,4.0,Rural,Good,Yes,Furnished,78849.0,7.01,5.13,469602.5
393,2299.0,3,2,2,10.0,,Good,No,Semi,78031.0,7.94,14.04,355465.5
968,3466.0,4,2,1,9.0,Suburban,Good,Yes,Furnished,,3.27,14.79,530334.5
846,3519.0,3,1,2,29.0,rural,Good,No,Furnished,124320.0,2.89,0.67,567180.0
923,3318.0,2,2,2,22.0,Rural,Good,Yes,Semi,85140.0,1.75,8.01,519020.0
739,1453.0,2,2,2,15.0,Suburban,Poor,Yes,Unfurnished,270544.0,6.24,2.09,225887.0
918,975.0,4,3,1,21.0,rural,Poor,No,Furnished,96230.0,1.74,5.46,187856.0
750,3493.0,3,2,2,9.0,rural,Average,Yes,Furnished,64333.0,1.26,12.58,537436.5
578,,1,2,2,20.0,Suburban,Average,No,Furnished,47304.0,1.0,8.82,670512.0
280,2691.0,5,1,2,23.0,Urban,Good,No,Unfurnished,,3.88,4.62,454718.0
623,1456.0,4,3,1,25.0,rural,Poor,Yes,Semifurnished,27170.0,2.49,2.25,243892.0
348,1945.0,1,2,1,,Rural,Poor,No,Unfurnished,51169.0,8.81,13.4,250057.5
333,3804.0,4,2,1,10.0,Suburban,Good,Yes,Furnished,99872.0,2.81,9.9,631671.0
422,3920.0,2,2,1,1.0,Rural,Poor,Yes,Unfurnished,145251.0,8.45,11.37,1268095.0
925,3594.0,3,2,1,21.0,,Poor,,Furnished,70975.0,6.52,11.37,532052.5
153,,2,3,1,25.0,Urban,Good,No,Semifurnished,125698.0,1.44,4.31,269525.0
315,3869.0,3,3,1,22.0,Rural,Good,Yes,Semi,100280.0,5.12,1.0,605852.0
713,895.0,3,2,1,25.0,Rural,Good,Yes,Semi,123262.0,8.21,5.91,153098.0
195,2097.0,4,2,2,2.0,,Poor,No,Furnished,122682.0,3.72,2.48,410341.0
460,3747.0,5,1,2,15.0,Rural,Good,Yes,Semi,144010.0,1.67,2.98,635626.0
326,1827.0,2,1,2,3.0,Rural,Average,Yes,Furnished,33180.0,5.67,9.74,282921.0
423,3044.0,3,1,2,14.0,Rural,Poor,No,Semi,109080.0,5.36,1.9,1018982.0
375,,5,2,1,11.0,Urban,Average,Yes,Unfurnished,55371.0,5.34,1.52,284839.5
23,,3,3,2,,Urban,Poor,No,Semi,60633.0,0.77,6.73,642676.5
122,,4,1,1,8.0,Rural,Good,Yes,Semifurnished,,8.38,5.43,306777.5
237,2020.0,5,1,1,11.0,,Average,,Semi,135031.0,6.83,2.78,368095.5
99,955.0,3,2,2,,Suburban,Good,,Unfurnished,,2.04,3.79,208465.0
464,3306.0,2,2,1,15.0,Rural,Poor,Yes,Unfurnished,113627.0,8.13,9.37,507963.5
711,3640.0,3,1,1,12.0,Suburban,Average,No,Semifurnished,45523.0,9.51,13.75,544295.5
521,546.0,4,2,1,3.0,rural,Poor,Yes,Unfurnished,,1.12,9.8,133023.0
284,686.0,5,2,2,3.0,Urban,Average,,Semi,49777.0,2.74,12.62,151999.5
513,504.0,3,1,1,17.0,rural,Good,Yes,Furnished,63539.0,8.5,12.19,69840.5
155,1985.0,5,1,1,25.0,Suburban,Good,Yes,Semi,69703.0,4.75,3.85,302912.5
85,,1,1,1,,Urban,Average,,Semi,148029.0,8.92,5.82,497347.5
779,,2,1,1,22.0,Suburban,Good,Yes,Unfurnished,32446.0,5.77,1.73,58364.0
189,3814.0,5,2,2,4.0,Rural,Good,Yes,Semifurnished,138313.0,4.41,12.27,665885.5
977,1263.0,5,2,2,14.0,Urban,Average,Yes,Semi,76655.0,9.63,14.04,199317.5
508,3540.0,1,2,2,6.0,Urban,Good,,Semi,123489.0,2.55,6.94,587363.5
198,1295.0,2,3,2,17.0,Suburban,Poor,No,Unfurnished,,8.34,0.79,250503.0
183,3742.0,5,1,2,18.0,Urban,Good,No,Unfurnished,96050.0,4.2,14.24,572347.0
772,3823.0,1,1,2,7.0,Urban,Good,No,Furnished,89351.0,2.28,11.06,595140.5
164,,1,1,1,14.0,rural,Poor,No,Semifurnished,429900.0,1.3,3.0,157059.5
206,2538.0,1,1,1,12.0,rural,Average,Yes,Semi,,4.0,10.32,365921.0
432,2800.0,2,2,1,21.0,Suburban,Good,No,Unfurnished,65528.0,9.72,11.68,413197.0
241,3957.0,5,1,2,21.0,Suburban,Average,No,Furnished,126704.0,4.87,3.98,667450.0
138,700.0,3,2,1,3.0,,Good,No,Unfurnished,116887.0,4.79,7.89,154092.5
39,,1,1,1,,Urban,Poor,Yes,Semi,85938.0,3.02,12.48,396095.0
63,2541.0,2,1,2,18.0,Urban,Poor,No,Unfurnished,39423.0,1.17,7.42,382583.5
957,2484.0,5,3,1,6.0,Rural,Average,No,Semi,147156.0,6.78,8.29,477777.0
626,2136.0,5,3,2,20.0,Rural,Poor,No,Unfurnished,97852.0,8.36,6.34,365988.0
476,1557.0,2,2,2,22.0,Suburban,Good,No,Unfurnished,77836.0,9.87,2.1,68709.0
123,3634.0,4,2,2,,rural,Average,,Unfurnished,,4.45,12.91,593534.0
636,3824.0,4,1,1,28.0,rural,Poor,Yes,Semifurnished,142406.0,7.56,14.65,1159022.0
954,1270.0,3,2,2,26.0,Suburban,Poor,No,Unfurnished,112227.0,8.27,0.95,215730.5
985,2982.0,3,1,1,18.0,Urban,Good,Yes,Unfurnished,69252.0,9.47,13.76,424698.0
139,,4,2,2,,Suburban,Poor,,Unfurnished,,7.33,7.18,428839.0
714,3596.0,5,2,1,17.0,rural,Poor,Yes,Semifurnished,86060.0,1.03,6.06,587995.0
409,3620.0,5,2,2,16.0,Urban,Average,No,Semifurnished,,1.97,11.08,594418.5
498,3117.0,3,1,1,7.0,Urban,Good,Yes,Unfurnished,,1.32,12.28,471828.5
41,1475.0,2,3,1,1.0,Rural,Good,Yes,Furnished,,9.67,6.28,272636.0
884,2997.0,4,1,2,29.0,Rural,Poor,,Semifurnished,132394.0,3.71,1.14,502436.0
890,1376.0,2,1,2,,Suburban,Average,No,Semi,37706.0,8.04,5.32,196541.0
638,1253.0,4,3,1,8.0,Suburban,Poor,Yes,Unfurnished,,5.87,6.65,208830.5
780,1213.0,2,2,1,25.0,,Average,No,Semi,50733.0,9.07,2.23,163341.5
294,1869.0,1,3,1,14.0,rural,Average,No,Semifurnished,35867.0,7.71,6.05,276896.5
416,3944.0,2,1,2,23.0,Rural,Average,No,Semifurnished,89093.0,9.87,7.14,570315.5
61,2561.0,2,1,2,12.0,,Poor,,Semifurnished,24150.0,8.3,0.69,374423.0
386,3297.0,5,1,1,12.0,Urban,Poor,No,Unfurnished,,9.37,9.58,533744.5
142,3604.0,1,3,1,18.0,Urban,Good,Yes,Unfurnished,,2.33,6.06,574679.5
934,2401.0,1,2,2,24.0,Urban,Average,No,Furnished,104003.0,0.65,11.64,351121.5
278,2430.0,1,1,1,21.0,Suburban,Average,Yes,Semi,91387.0,1.46,2.71,395715.5
427,3670.0,5,1,2,13.0,Rural,Good,,Furnished,61269.0,2.38,3.55,584007.5
344,1127.0,5,2,1,7.0,Rural,Average,Yes,Semifurnished,26523.0,7.55,9.09,176451.5
242,3958.0,4,3,1,21.0,rural,Average,No,Semi,41120.0,5.24,1.71,630095.0
748,2717.0,2,3,2,,rural,Average,,Semifurnished,87847.0,7.91,10.2,399934.5
649,614.0,1,3,1,25.0,Rural,Average,Yes,Semifurnished,120962.0,7.0,1.45,123186.0
166,1538.0,1,3,2,20.0,Suburban,Poor,Yes,Semifurnished,116364.0,6.83,13.71,245792.0
982,3345.0,4,1,1,21.0,Urban,Good,No,Semifurnished,59390.0,3.77,12.25,488353.0
466,,4,2,1,26.0,Urban,Poor,Yes,Unfurnished,104363.0,3.98,10.86,391878.5
96,2817.0,2,3,2,17.0,Rural,Average,Yes,Semi,23516.0,7.49,7.01,397869.0
724,1709.0,3,1,2,29.0,Rural,Poor,Yes,Semifurnished,,9.28,7.71,228050.5
541,2353.0,4,1,1,28.0,Suburban,Poor,,Semi,46183.0,9.54,2.04,332913.5
355,598.0,3,2,2,22.0,Urban,Poor,Yes,Semifurnished,494476.0,5.18,0.91,129916.5
622,2068.0,4,2,1,6.0,rural,Good,No,Unfurnished,67997.0,9.17,9.26,358891.5
641,3396.0,3,3,1,15.0,Urban,Good,No,Semi,149626.0,7.63,12.25,577309.0
254,6777.0,5,3,2,9.0,Urban,Poor,No,Semifurnished,80186.0,9.64,5.96,412595.0
11,830.0,5,1,2,,,Average,Yes,Semi,78097.0,9.44,2.88,615978.0
827,6165.0,2,3,2,23.0,Suburban,Poor,,Furnished,53332.0,4.02,13.79,306632.0
659,1228.0,1,2,2,,Urban,Good,No,Furnished,21986.0,0.95,6.65,306388.0
962,1262.0,2,3,2,24.0,Urban,Poor,No,Semi,123313.0,8.33,6.99,195957.5
796,3572.0,2,1,2,20.0,Urban,Good,,Semi,47867.0,5.28,4.16,521305.5
51,2028.0,3,1,2,21.0,Suburban,Average,No,Semifurnished,109387.0,3.08,3.68,337781.5
207,3919.0,1,1,2,17.0,Urban,Good,Yes,Furnished,,7.81,10.69,523423.5
916,3370.0,2,2,2,12.0,rural,Poor,Yes,Unfurnished,,7.57,10.55,495216.0
984,3406.0,3,1,1,11.0,Suburban,Average,Yes,Unfurnished,75856.0,5.85,9.69,507949.0
421,8481.0,1,1,2,26.0,Urban,Poor,No,Semi,139042.0,1.02,5.99,457630.0
441,2316.0,2,3,1,29.0,rural,Average,No,Semifurnished,58672.0,7.94,7.82,315451.0
219,1782.0,3,1,2,21.0,Rural,Average,No,Unfurnished,27837.0,8.02,3.38,235028.5
551,3349.0,2,3,2,22.0,Rural,Average,Yes,Semi,88369.0,5.11,4.48,530531.5
987,2517.0,5,1,1,2.0,Suburban,Poor,No,Unfurnished,42259.0,2.76,10.15,416567.5
240,1791.0,5,3,1,7.0,Rural,Average,Yes,Semifurnished,,5.65,3.99,367944.0
732,1232.0,5,2,2,23.0,rural,Poor,No,Unfurnished,24551.0,0.6,7.7,181296.5
297,,1,1,1,27.0,Urban,Poor,No,Furnished,59422.0,8.24,3.48,53478.0
306,3098.0,2,1,2,29.0,Urban,Average,Yes,Semi,557508.0,5.16,4.08,494331.5
261,2207.0,2,3,1,12.0,,Poor,Yes,Semifurnished,96208.0,9.8,4.56,347187.0
87,2000.0,4,1,1,23.0,Rural,Good,No,Semi,106064.0,6.24,2.81,315525.0
345,1086.0,5,2,1,2.0,Rural,Good,No,Semifurnished,,1.0,12.62,262900.5
630,1566.0,4,3,2,9.0,Urban,Good,No,Semi,21893.0,5.54,3.03,257687.5
856,3887.0,4,1,1,3.0,rural,Poor,No,Semifurnished,95082.0,5.6,9.56,639374.0
352,3683.0,4,1,2,12.0,Suburban,Poor,No,Unfurnished,33419.0,9.11,9.39,541175.5
382,,3,2,2,26.0,Urban,Average,No,Unfurnished,,1.24,2.85,234136.5
20,1269.0,1,3,2,18.0,Suburban,Average,Yes,Unfurnished,32126.0,7.35,13.12,175322.0
286,9033.0,2,1,1,27.0,Suburban,Average,Yes,Furnished,46183.0,8.8,7.01,413449.5
380,3235.0,2,3,1,24.0,Rural,Average,Yes,Furnished,31620.0,7.68,7.18,451778.0
523,,5,3,2,27.0,Rural,Poor,Yes,Furnished,,6.11,6.74,546811.0
248,2660.0,3,1,2,2.0,Suburban,Good,,Unfurnished,62907.0,1.92,9.51,428054.5
249,501.0,4,1,2,12.0,Urban,Poor,No,Unfurnished,70071.0,6.66,1.06,115323.5
679,3940.0,3,3,1,20.0,rural,Poor,Yes,Furnished,,7.35,4.65,612741.5
540,616.0,1,3,1,,rural,Good,Yes,Semifurnished,40316.0,4.2,1.63,85002.0
253,1354.0,3,3,2,21.0,rural,Poor,Yes,Semifurnished,70901.0,1.99,5.58,218351.5
943,,3,1,1,25.0,rural,Poor,Yes,Semi,132255.0,5.84,14.07,347182.5
961,3537.0,5,2,1,1.0,Suburban,Poor,Yes,Semi,142536.0,7.23,3.94,643618.0
588,1050.0,2,1,1,19.0,Suburban,Average,No,Unfurnished,51932.0,3.22,8.24,167023.0
335,2182.0,5,1,2,,rural,Poor,No,Furnished,107736.0,7.72,9.98,408815.0
83,1521.0,4,2,1,27.0,Suburban,Good,No,Furnished,,8.07,13.61,216480.5
898,723.0,2,1,1,21.0,rural,Poor,No,Unfurnished,94854.0,8.66,9.08,94796.0
747,1691.0,4,3,2,8.0,Urban,Average,No,Furnished,147763.0,2.61,3.59,362497.5
439,627.0,2,2,2,29.0,Suburban,Poor,No,Semi,131258.0,7.13,8.62,116079.0
539,1240.0,2,1,2,26.0,Suburban,Poor,Yes,Semi,149392.0,1.86,10.97,206450.0
158,3789.0,2,2,1,,Urban,Average,Yes,Furnished,98462.0,2.06,7.5,559516.0
720,,3,2,2,26.0,Urban,Poor,Yes,Unfurnished,570756.0,8.33,1.06,500700.5
243,3684.0,4,3,1,,Rural,Good,Yes,Semifurnished,159160.0,1.19,13.96,612078.0
337,2755.0,1,1,1,24.0,Rural,Good,No,Semi,116395.0,7.24,4.99,400229.5
266,2794.0,4,2,1,21.0,Suburban,Good,,Semi,108442.0,5.7,1.64,452730.0
885,509.0,1,2,2,20.0,rural,Poor,No,Furnished,112864.0,9.12,5.24,85306.0
291,10506.0,5,3,1,22.0,Urban,Good,,Furnished,36198.0,4.56,9.87,548140.0
376,1718.0,3,2,2,6.0,Urban,Good,Yes,Furnished,130350.0,3.35,4.53,327755.0
169,1984.0,1,1,2,12.0,Suburban,Good,Yes,Unfurnished,139991.0,1.54,14.05,338305.5
485,1615.0,2,3,1,18.0,rural,Good,Yes,Unfurnished,118943.0,6.62,9.39,272142.5
415,1569.0,4,2,1,10.0,rural,Good,Yes,Semi,96311.0,4.37,12.97,260528.5
798,2496.0,5,1,1,16.0,Suburban,Poor,Yes,Furnished,,4.7,10.71,408023.0
776,3423.0,1,3,1,5.0,Rural,Average,No,Semi,122811.0,8.43,8.44,557898.5
870,3008.0,2,1,1,2.0,Rural,Average,No,Furnished,59451.0,4.36,8.71,474992.5
852,1871.0,3,3,1,10.0,Urban,Poor,No,Furnished,149518.0,8.17,13.61,347356.0
562,1080.0,3,2,1,19.0,Suburban,Average,No,Semi,123081.0,3.06,5.76,207491.5
272,1266.0,5,3,2,24.0,Rural,Average,No,Unfurnished,,1.44,11.99,242014.5
44,3505.0,2,2,2,7.0,rural,Poor,No,Semifurnished,,8.05,4.64,532208.5
438,,3,3,1,12.0,rural,Good,Yes,Unfurnished,119468.0,1.88,9.27,1324974.0
71,3503.0,5,1,1,22.0,Rural,Average,Yes,Semi,99369.0,7.23,14.64,518961.5
388,,2,3,1,,Urban,Poor,,Unfurnished,31826.0,8.12,2.33,388580.0
13,2635.0,3,3,2,13.0,Rural,Good,No,Semi,58523.0,8.81,12.0,416141.5
960,888.0,1,3,2,9.0,rural,Good,Yes,Furnished,70639.0,2.7,5.82,160226.5
193,3229.0,3,2,2,27.0,rural,Poor,No,Unfurnished,120680.0,9.67,8.71,490974.0
692,,3,3,1,6.0,Rural,Poor,No,Semifurnished,132857.0,0.81,9.85,234981.5
431,690.0,4,3,2,29.0,Suburban,Average,Yes,Semifurnished,,1.61,11.81,95337.5
463,2205.0,1,3,1,27.0,Urban,Average,Yes,Unfurnished,,7.84,2.64,290747.0
38,,5,1,2,23.0,Urban,Average,Yes,Furnished,,2.51,8.48,462815.0
227,1757.0,1,1,1,8.0,Rural,Average,Yes,Furnished,,5.61,11.68,277555.5
384,3946.0,4,1,1,18.0,Urban,Average,No,Unfurnished,108578.0,1.47,11.21,649883.0
159,1002.0,5,3,1,26.0,Suburban,Good,,Furnished,556080.0,4.36,6.53,200248.0
175,595.0,3,3,1,16.0,Suburban,Average,Yes,Semi,77716.0,7.88,6.34,121316.0
512,3551.0,1,3,1,23.0,Rural,Poor,Yes,Unfurnished,75711.0,9.76,0.51,529156.5
118,1867.0,3,2,2,22.0,,Average,No,Unfurnished,36645.0,6.09,14.39,264339.5
803,2031.0,1,3,2,12.0,Urban,Good,Yes,Unfurnished,127561.0,7.73,9.64,330254.5
966,3314.0,4,2,1,27.0,rural,Poor,No,Furnished,,4.66,13.87,494171.5
639,2582.0,5,1,1,15.0,rural,Good,No,Semi,88653.0,1.34,9.92,455661.5
479,899.0,3,2,1,21.0,rural,Poor,No,Semifurnished,144023.0,6.0,0.63,205003.5
928,1213.0,2,3,1,19.0,Suburban,Average,No,Furnished,72224.0,5.51,1.27,194544.0
173,1063.0,2,1,2,11.0,Rural,Good,No,Unfurnished,131813.0,2.83,9.43,203820.5
532,1156.0,1,2,1,1.0,Urban,Poor,Yes,Furnished,39073.0,7.28,9.53,170835.5
848,1167.0,4,2,1,18.0,Suburban,Poor,Yes,Furnished,49299.0,6.03,4.58,187132.5
75,1275.0,3,1,2,3.0,,Poor,,Unfurnished,395900.0,6.55,3.36,255781.5
223,1934.0,1,3,1,22.0,Urban,Average,Yes,Unfurnished,145212.0,3.25,8.43,318078.0
295,2486.0,2,3,2,16.0,Urban,Good,Yes,Semi,330004.0,1.51,11.08,388506.5
270,622.0,4,1,1,9.0,Urban,Average,No,Semifurnished,130694.0,8.61,12.34,125685.0
313,2698.0,3,2,1,24.0,Suburban,Good,Yes,Semi,56307.0,2.76,2.4,417881.5
597,2281.0,1,2,1,25.0,Urban,Average,No,Semi,66505.0,6.16,10.75,330018.5
29,1684.0,3,3,1,9.0,Suburban,Good,Yes,Semi,63158.0,6.7,5.65,277732.0
729,1656.0,4,3,2,3.0,Urban,Poor,Yes,Furnished,31437.0,6.13,5.47,299995.5
603,2989.0,1,2,1,12.0,Rural,Poor,Yes,Furnished,,9.25,2.94,458113.0
969,3778.0,4,1,1,5.0,rural,Good,,Semifurnished,66694.0,7.84,8.53,581290.0
993,,1,3,1,21.0,Suburban,Average,No,Furnished,41602.0,5.03,7.22,227845.0
341,2601.0,3,2,1,21.0,Urban,Good,Yes,Semifurnished,138961.0,3.72,10.49,451257.5
279,3299.0,3,2,1,19.0,Urban,Good,Yes,Semifurnished,141361.0,6.42,10.17,541097.5
687,2609.0,2,2,2,5.0,Urban,Good,Yes,Unfurnished,78032.0,1.7,4.55,457103.0
595,2285.0,4,2,2,,rural,Good,No,Semi,30367.0,3.1,7.1,369334.5
14,3944.0,3,2,1,27.0,Suburban,Poor,Yes,Unfurnished,141648.0,7.51,13.63,614116.0
742,11472.0,2,3,1,9.0,Urban,Poor,Yes,Furnished,49685.0,2.57,8.76,614262.5
48,2399.0,2,3,2,29.0,Suburban,Poor,No,Unfurnished,100691.0,2.06,8.14,382939.5
784,672.0,3,2,1,,rural,Average,No,Semifurnished,41576.0,2.88,10.67,76653.0
522,3414.0,3,1,1,4.0,Urban,Good,Yes,Semi,68784.0,5.72,0.84,552109.0
349,603.0,3,1,2,1.0,,Poor,No,Semifurnished,65641.0,3.85,0.63,128266.5
658,3991.0,2,1,2,7.0,Suburban,Average,No,Semifurnished,94323.0,9.44,9.16,630126.5
760,1888.0,1,1,2,20.0,Rural,Good,No,Semi,45993.0,7.94,14.93,233509.5
218,2268.0,4,3,2,23.0,,Poor,Yes,Unfurnished,,8.34,7.33,374570.0
939,1969.0,4,2,1,9.0,rural,Poor,Yes,Semifurnished,,8.01,1.55,307708.5
893,1515.0,1,2,1,,Suburban,Poor,,Unfurnished,,3.04,2.89,288106.0
707,1350.0,5,1,2,3.0,Rural,Average,Yes,Semi,29472.0,0.89,3.77,271833.0
374,1915.0,1,3,2,25.0,Rural,Average,Yes,Semi,28609.0,7.97,7.49,247721.5
433,1480.0,2,3,1,29.0,Urban,Good,Yes,Unfurnished,97095.0,0.71,3.81,470907.0
451,2186.0,2,3,2,15.0,rural,Average,Yes,Semi,32467.0,9.24,8.02,321631.5
390,3936.0,5,3,1,3.0,Urban,Good,Yes,Semifurnished,102428.0,3.94,2.42,694280.0
88,1202.0,1,1,1,14.0,,Good,,Unfurnished,134440.0,6.49,14.54,178864.0
82,,2,3,2,17.0,,Good,No,Semi,130310.0,4.6,13.82,553089.0
199,1551.0,1,1,1,13.0,,Average,Yes,Semi,82013.0,1.89,11.41,238206.5
519,3431.0,3,2,2,4.0,Rural,Average,No,Unfurnished,124843.0,3.83,5.15,590956.5
591,3825.0,5,1,2,9.0,Urban,Poor,Yes,Furnished,23385.0,6.68,10.56,582315.5
558,3843.0,2,2,2,,rural,Good,Yes,Semi,114686.0,8.18,0.95,628460.0
383,969.0,4,2,2,12.0,Rural,Poor,No,Unfurnished,140770.0,0.67,7.55,473604.0
304,2459.0,2,1,2,26.0,Urban,Poor,No,Furnished,99026.0,5.18,2.24,361950.0
874,3456.0,1,3,2,,,Average,No,Semifurnished,54831.0,2.13,9.93,534186.5
395,2574.0,5,3,2,0.0,Urban,Good,No,Semi,132134.0,5.37,11.43,471224.0
231,11835.0,5,1,1,,Urban,Poor,,Semifurnished,107096.0,9.62,14.05,640975.0
843,3331.0,3,2,1,7.0,rural,Average,Yes,Semifurnished,32224.0,7.62,2.2,536659.0
364,1456.0,4,2,1,23.0,Urban,Poor,Yes,Semi,62982.0,7.17,13.67,217665.0
28,2824.0,3,3,1,1.0,Suburban,Good,No,Semi,81646.0,2.73,1.29,513817.0
858,1039.0,4,1,1,22.0,Urban,Good,Yes,Semifurnished,25077.0,3.43,3.56,164241.5
906,3374.0,1,3,1,18.0,Suburban,Good,,Semi,,3.55,10.21,492208.0
229,1163.0,2,3,2,7.0,Suburban,Good,Yes,Furnished,71012.0,6.63,3.31,227677.0
572,3856.0,3,2,1,16.0,,Poor,No,Semi,52930.0,3.91,10.69,567012.0
899,,2,3,1,23.0,Suburban,Good,,Semi,61256.0,1.34,1.55,288860.0
323,1380.0,3,1,2,,Rural,Good,Yes,Furnished,47926.0,3.42,7.8,216344.0
542,3338.0,3,2,1,2.0,Urban,Poor,No,Semifurnished,113860.0,3.54,7.65,592122.0
116,564.0,1,2,2,5.0,rural,Poor,,Unfurnished,97065.0,2.71,3.1,147960.5
330,1683.0,4,1,1,14.0,Rural,Poor,Yes,Semifurnished,44014.0,9.67,11.59,230519.0
152,2070.0,1,1,2,16.0,Suburban,Good,No,Unfurnished,106292.0,4.07,9.83,321331.0
354,5988.0,2,3,1,27.0,Rural,Good,Yes,Unfurnished,87600.0,2.2,1.47,325868.0
529,1629.0,1,3,1,9.0,,Good,No,Unfurnished,73997.0,8.36,8.77,530763.0
299,3411.0,2,3,1,11.0,rural,Poor,Yes,Semifurnished,128538.0,5.38,13.23,566708.0
69,2639.0,3,2,2,16.0,rural,Poor,No,Semifurnished,64921.0,8.51,7.49,403974.5
775,2992.0,2,2,1,26.0,Rural,Good,No,Semifurnished,123013.0,0.74,8.99,465034.5
271,900.0,4,2,1,2.0,rural,Poor,Yes,Semi,88475.0,8.63,14.41,174823.5
55,3388.0,4,2,1,6.0,Suburban,Average,Yes,Semifurnished,82580.0,3.75,11.22,557515.0
989,748.0,3,1,2,1.0,Suburban,Poor,No,Furnished,53005.0,2.13,9.25,145291.5
994,,3,2,1,2.0,Rural,Good,No,Unfurnished,105945.0,9.95,9.19,188949.5
849,872.0,5,2,1,11.0,Rural,Poor,,Semifurnished,98572.0,5.57,10.19,180076.0
828,3973.0,4,1,1,26.0,,Average,Yes,Semifurnished,144481.0,5.9,10.73,641029.5
998,2680.0,4,1,2,9.0,Rural,Average,Yes,Semifurnished,100818.0,4.37,10.1,442963.0
531,2182.0,1,1,1,7.0,Suburban,Good,No,Semi,70341.0,7.74,2.54,337354.5
956,767.0,5,3,2,11.0,Rural,Average,No,Semi,30931.0,5.68,11.55,132690.5
188,2222.0,3,2,1,16.0,Urban,Good,No,Unfurnished,61662.0,3.17,5.0,356889.0
911,2652.0,1,1,2,29.0,rural,Good,No,Unfurnished,71360.0,3.79,11.78,351511.0
156,3190.0,2,2,2,28.0,rural,Good,Yes,Semi,64354.0,7.89,12.13,426213.0
120,2527.0,4,2,2,17.0,Suburban,Good,No,Furnished,74144.0,2.75,1.7,432974.0
863,2446.0,5,3,2,24.0,Urban,Poor,Yes,Semifurnished,121196.0,1.47,4.06,436504.0
89,2949.0,4,3,1,,,Good,Yes,Semi,21168.0,4.47,13.76,414569.0
602,,4,2,1,23.0,rural,Poor,No,Semi,55268.0,5.91,8.39,504852.0
683,3414.0,3,2,2,28.0,Rural,Average,,Furnished,85584.0,7.86,0.83,535149.0
886,3371.0,2,2,2,10.0,Urban,Average,Yes,Semifurnished,177592.0,6.08,9.54,525672.0
372,2027.0,3,2,2,16.0,Suburban,Good,No,Semi,56018.0,9.99,13.25,289065.0
86,1629.0,5,2,2,20.0,rural,Average,Yes,Semifurnished,126196.0,4.4,9.48,304345.0
702,3002.0,4,2,1,3.0,Suburban,Poor,Yes,Unfurnished,35620.0,3.54,9.26,495932.0
103,3267.0,4,1,1,1.0,Suburban,Average,,Furnished,84817.0,4.36,0.78,550702.5
766,3898.0,4,3,2,18.0,Suburban,Good,Yes,Semifurnished,80277.0,7.41,3.97,621522.5
493,,4,1,2,20.0,Urban,Average,Yes,Semifurnished,95645.0,7.69,4.63,182221.5
24,3353.0,5,1,2,,Rural,Good,No,Semi,97654.0,4.07,4.67,586793.0
205,2029.0,1,2,1,8.0,,Average,,Semifurnished,107505.0,3.43,8.34,348104.5
114,1680.0,4,3,2,17.0,Suburban,Average,Yes,Furnished,123801.0,4.71,4.9,312183.5
908,1188.0,5,1,2,,rural,Poor,,Semifurnished,149030.0,3.31,9.81,255584.0
9,,5,2,2,10.0,Suburban,Poor,No,Furnished,123537.0,7.74,4.57,221881.5
967,3874.0,4,2,2,23.0,rural,Poor,Yes,Unfurnished,120735.0,2.69,6.68,648145.5
257,3974.0,2,3,2,14.0,Urban,Average,,Semifurnished,70251.0,6.45,4.0,636703.5
302,988.0,4,3,2,20.0,Suburban,Poor,No,Semi,27367.0,4.24,7.52,174978.5
673,,4,2,1,,Rural,Poor,No,Furnished,21211.0,4.64,7.3,204618.5
31,,5,3,2,15.0,Urban,Average,Yes,Semifurnished,67631.0,6.16,7.8,610059.5
930,1668.0,2,1,2,23.0,rural,Poor,Yes,Semifurnished,58967.0,2.72,8.18,221909.5
694,,4,3,2,,rural,Average,No,Furnished,34292.0,5.62,10.77,563880.0
127,,3,1,1,28.0,,Poor,Yes,Semi,89711.0,4.76,11.65,264605.0
678,536.0,3,2,1,29.0,Rural,Good,No,Semi,,6.11,10.15,78401.5
399,2831.0,1,1,2,5.0,Suburban,Average,No,Semifurnished,31267.0,6.01,11.66,415140.5
160,3314.0,2,2,1,24.0,Urban,Poor,Yes,Furnished,119301.0,9.3,14.68,470080.5
548,1581.0,1,2,2,8.0,Suburban,Good,No,Semi,,3.46,9.77,289814.0
27,1455.0,2,3,1,22.0,rural,Good,No,Semi,256460.0,8.32,14.84,200802.5
992,1858.0,5,1,2,1.0,rural,Poor,Yes,Semifurnished,77184.0,8.69,4.87,324692.0
357,2384.0,1,3,1,25.0,Urban,Good,No,Unfurnished,53085.0,2.36,13.28,316027.5
609,3587.0,1,1,1,23.0,Rural,Average,Yes,Semi,124601.0,1.12,10.72,540357.5
844,1467.0,2,3,1,12.0,rural,Poor,Yes,Semifurnished,80624.0,3.09,14.86,227286.0
693,1198.0,2,2,2,6.0,,Poor,,Furnished,91356.0,6.16,5.43,216996.0
851,1645.0,2,3,2,,rural,Average,No,Semi,,3.98,8.91,247870.0
288,2294.0,1,2,1,,Rural,Average,Yes,Unfurnished,87038.0,8.73,10.12,344826.0
281,1108.0,1,2,2,28.0,Rural,Average,No,Semi,86214.0,7.99,8.99,135158.0
926,3544.0,1,2,1,28.0,rural,Good,No,Unfurnished,25147.0,2.91,14.49,487590.5
657,3947.0,4,1,1,26.0,Urban,Poor,,Unfurnished,,5.36,3.05,609523.5
184,,3,1,2,,rural,Good,Yes,Semifurnished,42738.0,7.46,7.39,158007.0
669,3286.0,5,3,2,24.0,Rural,Poor,Yes,Semi,94308.0,9.89,3.35,546332.0
18,,4,1,2,12.0,Rural,Good,No,Semi,103767.0,9.17,5.26,370707.5
77,2753.0,5,2,1,21.0,rural,Good,No,Semi,43956.0,3.93,10.3,416155.0
303,3476.0,1,2,2,9.0,Suburban,Average,No,Semifurnished,576632.0,8.56,7.61,566427.0
651,3767.0,3,3,2,,Urban,Average,Yes,Furnished,63678.0,2.43,8.8,630554.0
840,1535.0,1,3,2,26.0,Suburban,Poor,Yes,Furnished,29583.0,3.37,12.68,199942.5
60,2863.0,4,2,2,20.0,Rural,Average,Yes,Semifurnished,59236.0,9.87,1.26,460969.0
675,2187.0,2,1,2,22.0,Rural,Good,Yes,Semi,555888.0,9.5,1.96,334183.0
910,2133.0,3,1,2,1.0,Urban,Poor,Yes,Furnished,31801.0,4.7,9.51,335870.5
534,3990.0,3,3,1,7.0,Rural,Good,Yes,Furnished,34549.0,5.9,7.81,209498.5
174,1520.0,5,1,1,10.0,rural,Poor,Yes,Semi,58258.0,7.32,1.07,265745.0
867,1724.0,1,2,1,13.0,Urban,Good,,Semi,25577.0,5.27,14.58,237577.5
769,1655.0,2,1,1,8.0,Rural,Average,Yes,Semifurnished,69990.0,2.64,5.86,274566.0
612,2282.0,2,1,2,2.0,Rural,Average,No,Semi,142002.0,4.96,12.82,408138.0
891,1528.0,1,2,2,5.0,Urban,Poor,Yes,Unfurnished,42340.0,5.2,6.86,220115.0
872,3299.0,5,3,2,15.0,Rural,Good,No,Semi,69103.0,5.64,10.51,550828.5
533,619.0,4,2,1,22.0,rural,Good,No,Semi,122399.0,2.47,3.51,146671.5
777,5115.0,2,1,1,0.0,Urban,Good,Yes,Unfurnished,,3.97,9.79,296649.5
543,1650.0,2,3,1,11.0,Urban,Average,No,Furnished,44624.0,8.75,2.83,265867.0
974,934.0,1,1,1,6.0,,Poor,No,Semifurnished,94329.0,1.35,2.53,166583.5
901,2302.0,2,3,2,0.0,Rural,Average,Yes,Semi,128721.0,3.55,1.56,425878.5
518,,4,2,1,8.0,Urban,Good,No,Unfurnished,134584.0,6.56,5.65,309457.0
475,1184.0,3,1,1,18.0,Rural,Average,Yes,Semi,129236.0,1.65,12.96,198845.0
202,2481.0,5,2,1,8.0,Urban,Poor,Yes,Unfurnished,,6.35,0.6,419130.0
773,3986.0,4,3,2,,,Average,No,Furnished,,1.13,5.65,672602.0
756,3736.0,5,3,1,19.0,Urban,Average,Yes,Furnished,81192.0,9.19,5.24,601026.0
459,,1,2,2,8.0,Suburban,Poor,No,Semifurnished,95118.0,5.22,7.12,133237.0
889,3822.0,1,3,1,11.0,,Average,No,Unfurnished,70755.0,7.69,7.03,585328.5
180,2778.0,3,1,1,8.0,Rural,Good,Yes,Semi,102768.0,3.64,1.86,470966.0
490,,4,1,2,16.0,Suburban,Average,No,Semi,180368.0,1.4,13.63,393403.0
571,3244.0,5,3,2,13.0,Suburban,Poor,Yes,Semi,76677.0,5.68,7.49,527598.5
684,1372.0,1,1,2,24.0,rural,Average,No,Semifurnished,39950.0,5.84,13.5,159281.0
665,7176.0,2,3,2,9.0,rural,Poor,No,Semifurnished,114699.0,4.16,4.92,415031.5
1000,3447.0,5,2,2,0.0,Rural,Poor,No,Semifurnished,21537.0,5.8,10.48,542501.5
797,,2,2,1,2.0,Suburban,Good,Yes,Semifurnished,80231.0,1.87,12.53,466834.5
397,3848.0,2,3,1,14.0,,Average,Yes,Semifurnished,25495.0,6.44,6.92,1148471.0
755,2576.0,4,3,2,15.0,Suburban,Good,Yes,Semi,,7.83,6.52,463383.5
645,3517.0,2,1,2,13.0,rural,Good,Yes,Semi,,5.23,2.86,532598.5
804,3940.0,5,2,2,22.0,Rural,Average,Yes,Semi,32963.0,7.27,7.02,577252.5
705,3282.0,1,2,1,5.0,rural,Average,No,Furnished,118426.0,6.35,9.31,535934.0
95,4485.0,4,2,1,7.0,rural,Good,Yes,Unfurnished,63827.0,2.51,6.54,522873.0
414,3024.0,3,2,1,8.0,Rural,Good,No,Semifurnished,48948.0,5.15,1.25,471967.0
666,3004.0,1,1,2,3.0,Rural,Good,Yes,Semifurnished,80924.0,9.2,3.14,457242.0
317,762.0,1,3,1,6.0,Rural,Poor,No,Semi,76523.0,1.51,2.75,173330.5
446,2395.0,5,1,1,12.0,Urban,Poor,Yes,Semifurnished,71024.0,8.5,11.61,375028.0
225,817.0,5,1,2,,rural,Poor,Yes,Unfurnished,,0.97,11.36,197967.5
538,1869.0,1,1,1,4.0,rural,Good,No,Unfurnished,95515.0,4.8,12.72,299648.5
912,3670.0,1,2,1,14.0,Rural,Good,Yes,Semifurnished,107908.0,7.59,7.76,550651.0
596,3069.0,5,2,2,4.0,rural,Poor,Yes,Semifurnished,85030.0,9.81,7.33,507413.0
161,897.0,4,2,1,,Suburban,Average,Yes,Semifurnished,138764.0,7.25,3.41,172734.0
741,3460.0,5,1,1,22.0,rural,Good,,Semifurnished,98194.0,4.4,5.38,557483.0
801,,3,3,1,15.0,Suburban,Average,Yes,Semi,92233.0,6.06,10.1,185428.5
310,2302.0,3,3,1,5.0,Suburban,Poor,Yes,Furnished,145085.0,3.67,8.04,429677.5
80,2085.0,1,2,1,17.0,,Poor,Yes,Furnished,141435.0,5.01,1.79,338749.5
813,3219.0,1,2,1,16.0,Suburban,Poor,Yes,Unfurnished,137658.0,1.97,7.75,513335.0
845,857.0,4,2,2,15.0,Rural,Average,No,Unfurnished,76058.0,1.62,3.54,178803.0
909,1984.0,3,1,1,26.0,Rural,Good,No,Semifurnished,120400.0,5.94,1.06,340123.0
130,2836.0,3,1,2,24.0,Suburban,Good,Yes,Furnished,,6.45,3.49,430609.0
171,3290.0,4,2,1,0.0,Rural,Good,No,Semi,462396.0,2.16,3.55,598154.5
46,3505.0,3,3,1,13.0,Urban,Good,Yes,Unfurnished,53635.0,9.79,5.04,555305.5
854,589.0,1,2,2,24.0,Rural,Good,Yes,Semifurnished,24141.0,1.61,10.22,70955.5
524,3483.0,4,3,1,27.0,Rural,Average,Yes,Unfurnished,133034.0,6.7,13.19,570690.0
865,3506.0,3,3,2,7.0,Rural,Poor,No,Unfurnished,145463.0,2.4,5.15,617057.5
113,3612.0,5,1,2,25.0,rural,Average,No,Semi,122179.0,7.32,8.22,591707.5
444,1069.0,2,2,2,7.0,rural,Good,Yes,Semifurnished,74512.0,1.98,8.36,205000.0
358,,5,1,2,3.0,Suburban,Good,No,Unfurnished,117064.0,9.47,6.53,601740.0
255,3796.0,4,3,1,20.0,Urban,Good,,Semifurnished,142066.0,5.42,8.24,638104.0
106,1576.0,3,1,1,11.0,Urban,Good,No,Unfurnished,99693.0,0.58,4.49,275214.5
327,2801.0,5,2,1,12.0,Rural,Good,No,Furnished,112837.0,5.74,8.57,465592.5
426,3318.0,2,3,1,20.0,,Poor,No,Unfurnished,118991.0,2.12,11.67,404209.0
924,1960.0,2,1,2,18.0,Suburban,Average,Yes,Unfurnished,45251.0,8.66,8.88,283344.5
670,1622.0,5,2,2,16.0,rural,Average,,Unfurnished,121128.0,4.92,10.51,288016.0
350,753.0,2,1,2,1.0,Urban,Good,No,Furnished,42990.0,7.37,3.42,117159.0
664,3965.0,2,1,1,23.0,rural,Average,No,Furnished,,4.54,8.38,632681.5
332,2556.0,1,3,2,8.0,,Average,Yes,Furnished,116472.0,2.95,7.52,445897.0
163,,5,1,2,9.0,,Poor,,Semi,124403.0,5.41,4.73,560789.5
689,2403.0,1,1,2,24.0,Suburban,Good,Yes,Unfurnished,119273.0,3.05,9.77,369942.5
642,589.0,5,3,2,6.0,rural,Good,No,Furnished,68291.0,7.09,8.28,148824.5
990,665.0,5,3,1,29.0,,Average,No,Semifurnished,51629.0,1.58,2.88,139531.5
458,3964.0,5,3,2,5.0,Urban,Poor,Yes,Semifurnished,22581.0,0.99,12.02,662277.5
979,3353.0,4,1,1,19.0,Rural,Good,Yes,Unfurnished,57534.0,4.87,8.15,497954.0
564,3408.0,1,3,2,29.0,rural,Poor,No,Unfurnished,121039.0,9.37,14.85,483537.5
809,1640.0,4,1,1,14.0,rural,Average,Yes,Semifurnished,137569.0,2.78,11.17,301214.5
210,2737.0,3,3,1,3.0,Suburban,Good,No,Unfurnished,143984.0,9.5,6.3,486582.0
787,1743.0,5,1,2,,Urban,Average,Yes,Semi,123002.0,4.87,6.37,580326.0
757,1945.0,3,2,1,,Suburban,Average,No,Unfurnished,80686.0,8.62,9.3,314612.0
580,3559.0,2,1,2,17.0,rural,Poor,Yes,Semi,116058.0,7.31,12.99,1057626.0
728,,2,3,2,,Suburban,Good,No,Semifurnished,106373.0,1.71,6.98,202537.5
719,1667.0,1,3,1,15.0,Rural,Good,No,Furnished,146128.0,6.75,12.36,224545.0
321,1123.0,1,2,2,,Suburban,Average,No,Semi,127669.0,2.1,9.54,202188.5
751,3342.0,1,3,1,21.0,Suburban,Average,No,Semifurnished,128574.0,5.01,2.31,518284.0
825,1750.0,3,1,1,22.0,Suburban,Good,Yes,Unfurnished,143193.0,9.24,8.92,280834.5
640,3274.0,5,1,1,18.0,,Average,Yes,Semi,56929.0,4.43,0.86,536514.5
565,2794.0,3,1,1,2.0,Suburban,Poor,No,Furnished,131915.0,7.37,1.07,475376.5
656,912.0,3,2,2,23.0,Rural,Poor,,Semi,125514.0,3.49,14.57,151772.0
66,3112.0,3,1,1,24.0,rural,Poor,Yes,Unfurnished,130540.0,6.02,14.02,489936.0
68,1863.0,3,3,2,21.0,Rural,Good,No,Unfurnished,135140.0,5.22,10.79,320536.0
447,3233.0,1,2,1,10.0,rural,Average,No,Furnished,136712.0,2.49,14.02,518236.0
425,680.0,1,2,1,,Urban,Poor,,Semi,78535.0,5.84,14.88,87686.5
389,2777.0,1,1,2,7.0,Rural,Average,Yes,Semifurnished,33890.0,4.93,14.21,411016.0
108,2764.0,5,1,1,14.0,Rural,Good,Yes,Furnished,125056.0,6.07,9.69,487675.0
484,1666.0,3,1,1,11.0,Rural,Poor,Yes,Semifurnished,93628.0,8.51,7.36,454821.0
129,,2,1,1,10.0,Rural,Average,No,Semifurnished,146189.0,2.44,11.62,169625.5
778,2714.0,3,2,1,14.0,Urban,Average,No,Furnished,,8.5,4.26,435711.5
699,3804.0,5,1,1,18.0,Rural,Good,No,Furnished,87819.0,8.49,8.28,601623.5
674,2643.0,5,2,2,,Urban,Good,No,Semifurnished,20229.0,1.99,5.83,408202.5
903,3853.0,2,3,1,17.0,Suburban,Average,No,Semi,133606.0,2.77,11.41,627659.0
149,3231.0,5,1,1,11.0,rural,Average,No,Semi,67340.0,6.5,3.83,512389.0
110,2735.0,1,2,1,16.0,Suburban,Good,No,Semifurnished,59132.0,5.42,13.68,387296.0
567,,4,2,1,16.0,Rural,Good,,Unfurnished,110198.0,6.65,6.92,158849.0
221,1209.0,5,3,1,3.0,rural,Good,,Semi,67299.0,8.15,1.38,264587.5
706,11865.0,2,2,1,18.0,rural,Poor,No,Semi,108719.0,4.35,6.37,615998.5
648,917.0,1,2,1,3.0,Urban,Poor,No,Semi,45022.0,8.64,4.12,149144.0
329,3608.0,1,3,2,3.0,Rural,Average,No,Semi,56931.0,4.75,5.37,580150.5
324,2549.0,2,1,1,10.0,Suburban,Good,No,Semifurnished,123215.0,0.83,3.15,450581.5
100,1775.0,2,2,2,1.0,Urban,Poor,No,Semifurnished,50270.0,9.62,14.01,266078.0
379,3604.0,4,2,2,25.0,Rural,Good,Yes,Semifurnished,27857.0,4.07,4.6,523975.5
289,1159.0,1,1,2,0.0,,Good,No,Furnished,136477.0,6.14,11.87,198588.5
410,516.0,1,2,1,17.0,Urban,Average,Yes,Semi,48552.0,3.36,6.46,68345.0
36,2922.0,5,2,2,25.0,rural,Average,No,Unfurnished,88593.0,8.29,12.17,137870.5
764,2180.0,5,1,1,0.0,Rural,Good,,Semi,97603.0,2.71,12.4,392030.5
50,,1,1,1,26.0,rural,Good,Yes,Semifurnished,53132.0,1.45,2.1,495885.0
121,3195.0,2,2,2,7.0,Rural,Average,,Semifurnished,33382.0,6.47,9.49,490541.0
435,2506.0,5,2,1,,Suburban,Poor,,Semifurnished,88931.0,7.99,9.09,414876.5
936,550.0,3,3,1,25.0,Urban,Poor,Yes,Unfurnished,139222.0,3.84,5.02,137928.0
837,3203.0,3,2,2,20.0,Urban,Good,No,Unfurnished,47027.0,2.32,8.07,495921.5
94,,2,3,1,22.0,Rural,Good,,Furnished,,2.75,3.31,402107.0
574,,4,1,1,,rural,Average,No,Semi,113851.0,2.34,3.31,324223.5
368,3348.0,5,1,1,14.0,Urban,Poor,Yes,Semi,,6.88,8.79,577223.5
369,,1,2,1,27.0,Rural,Good,,Semifurnished,72709.0,0.99,13.66,126585.5
62,741.0,4,3,2,20.0,Rural,Average,No,Unfurnished,131369.0,3.17,12.04,169795.5
576,1508.0,4,1,1,28.0,Suburban,Good,No,Semifurnished,112509.0,4.38,11.2,223772.5
668,2739.0,3,2,2,1.0,Rural,Poor,Yes,Semifurnished,119273.0,5.3,10.85,486759.5
215,3180.0,4,2,2,5.0,,Average,Yes,Furnished,72611.0,9.12,12.72,526125.5
569,1496.0,2,1,2,26.0,rural,Average,Yes,Semi,46639.0,6.37,4.07,184110.5
101,1516.0,1,3,2,17.0,Rural,Average,Yes,Unfurnished,,8.59,13.67,198857.0
727,3794.0,5,2,2,14.0,Suburban,Poor,No,Furnished,44570.0,5.52,13.14,586646.0
743,3801.0,4,3,1,9.0,Rural,Poor,No,Semifurnished,,9.68,12.99,585441.0
314,1938.0,4,1,2,0.0,Suburban,Average,,Semifurnished,115167.0,8.04,9.21,344722.5
502,1181.0,2,1,2,29.0,Urban,Poor,Yes,Unfurnished,,0.67,13.61,183820.5
407,1046.0,4,1,1,17.0,rural,Good,No,Semi,69476.0,1.79,5.06,199027.0
972,1077.0,1,1,2,10.0,rural,Average,No,Semi,1389504.0,4.56,11.35,156812.0
381,959.0,3,2,1,9.0,Suburban,Good,No,Semifurnished,28177.0,5.63,10.23,131734.5
300,2234.0,1,2,1,26.0,Suburban,Average,Yes,Furnished,566176.0,9.53,8.15,345328.0
970,,4,1,1,21.0,Rural,Average,,Unfurnished,21582.0,1.22,14.0,241385.0
663,1175.0,3,3,1,23.0,Rural,Good,Yes,Semifurnished,40689.0,2.39,7.54,201395.5
167,2381.0,3,1,2,,rural,Poor,,Furnished,114049.0,3.21,9.42,401447.5
788,,4,2,2,8.0,Rural,Poor,Yes,Semifurnished,,6.27,6.21,290410.5
986,946.0,2,1,1,19.0,rural,Average,,Semi,75809.0,0.54,3.53,151308.5
370,,1,3,1,,rural,Average,Yes,Furnished,48716.0,1.58,2.28,288293.0
222,1979.0,1,3,1,12.0,Urban,Average,No,Semifurnished,39159.0,8.58,6.49,601843.0
862,1239.0,5,3,2,18.0,Rural,Average,No,Semi,,0.85,6.26,242591.5
487,1333.0,1,1,1,,,Average,Yes,Semifurnished,25666.0,8.73,10.1,123715.0
226,3796.0,3,3,1,,rural,Average,No,Unfurnished,126802.0,1.92,12.5,669096.0
265,1939.0,1,2,2,1.0,Urban,Poor,No,Unfurnished,86606.0,1.76,4.0,360827.0
107,1291.0,3,2,2,16.0,Suburban,Poor,,Semi,57879.0,0.69,13.69,211008.5
555,987.0,2,3,1,0.0,rural,Average,No,Semi,34116.0,4.07,12.58,179397.0
33,,4,2,1,27.0,Urban,Good,No,Furnished,125364.0,0.66,11.07,462166.0
618,2187.0,5,2,2,27.0,Urban,Good,Yes,Furnished,53785.0,8.39,13.56,313543.5
958,1577.0,1,2,2,26.0,rural,Good,No,Unfurnished,93169.0,9.08,12.69,193621.5
946,2642.0,2,1,2,29.0,rural,Poor,No,Unfurnished,40183.0,3.88,10.5,696099.0
544,11892.0,1,2,2,12.0,Suburban,Good,Yes,Unfurnished,82515.0,8.87,14.68,580271.5
749,1916.0,5,1,1,10.0,Suburban,Good,No,Semi,59993.0,2.41,8.37,317703.5
839,3518.0,1,3,2,4.0,Suburban,Average,No,Semi,106551.0,4.81,3.28,604347.5
546,1512.0,2,1,1,9.0,Suburban,Good,Yes,Semi,105781.0,1.29,7.57,268600.5
504,1577.0,1,2,2,14.0,rural,Poor,Yes,Unfurnished,60522.0,5.72,8.51,217689.0
454,3037.0,1,2,2,,Urban,Poor,Yes,Semi,148347.0,9.5,3.16,489018.5
922,,4,1,1,,rural,Good,Yes,Unfurnished,30737.0,1.1,8.15,357502.5
587,2888.0,2,3,1,12.0,Rural,Poor,No,Furnished,93495.0,4.88,9.99,462820.5
991,3531.0,2,2,2,20.0,Urban,Average,No,Semi,43610.0,5.92,11.17,510757.0
482,2406.0,1,2,2,5.0,Suburban,Average,No,Semifurnished,140871.0,2.16,8.39,431390.5
250,1141.0,4,2,2,24.0,Suburban,Average,Yes,Semi,140507.0,2.14,3.21,230358.5
561,1970.0,2,3,2,19.0,Suburban,Poor,Yes,Unfurnished,50286.0,6.87,4.9,281079.0
805,3980.0,5,3,1,0.0,Rural,Average,Yes,Semifurnished,84360.0,3.98,3.24,707202.0
973,2622.0,3,2,2,22.0,,Poor,No,Furnished,41301.0,6.16,13.59,358844.5
770,2327.0,4,1,1,23.0,Urban,Poor,No,Semifurnished,148406.0,2.51,7.83,402107.0
581,952.0,1,1,2,3.0,Urban,Poor,Yes,Semifurnished,107876.0,5.61,14.16,181217.0
469,2955.0,4,2,2,,Rural,Good,No,Semifurnished,99955.0,8.09,14.22,456910.5
428,1199.0,1,1,2,4.0,Rural,Poor,No,Semi,100674.0,3.53,7.77,196938.0
111,879.0,1,3,1,,Urban,Good,No,Furnished,23626.0,0.57,14.39,113908.0
104,2511.0,2,1,2,10.0,rural,Poor,No,Semifurnished,85184.0,7.74,5.24,133001.0
734,3205.0,5,1,1,20.0,Rural,Average,No,Furnished,74880.0,5.17,10.34,492970.0
365,2204.0,1,2,2,19.0,,Good,Yes,Semi,118422.0,6.76,12.16,351936.0
940,948.0,5,2,2,16.0,Urban,Poor,No,Semifurnished,,2.57,13.28,196917.0
267,,3,3,1,16.0,Urban,Average,No,Semi,480616.0,5.69,5.67,262847.0
203,1854.0,1,1,2,27.0,Suburban,Good,Yes,Semi,51556.0,0.93,12.38,226900.0
378,1139.0,1,3,2,24.0,Urban,Average,,Furnished,40805.0,3.2,14.2,126759.5
450,3401.0,5,1,1,16.0,rural,Good,No,Semifurnished,52332.0,4.32,2.46,542257.0
102,2843.0,5,2,2,23.0,rural,Poor,Yes,Unfurnished,121859.0,8.71,11.83,449877.5
230,2498.0,2,3,2,6.0,Rural,Poor,No,Semi,79305.0,0.66,8.28,431024.5
319,2691.0,5,2,2,24.0,Suburban,Poor,Yes,Furnished,26378.0,9.52,5.79,407404.0
525,3203.0,3,1,1,,rural,Poor,Yes,Furnished,63333.0,2.93,4.87,516951.5
371,1315.0,3,2,2,8.0,,Poor,Yes,Unfurnished,98137.0,0.54,8.24,257412.5
25,2933.0,2,1,2,7.0,rural,Average,,Unfurnished,23317.0,6.45,11.18,874207.0
736,,1,1,1,20.0,rural,Average,No,Unfurnished,146150.0,4.14,14.44,488513.0
312,2469.0,3,1,2,20.0,Suburban,Good,Yes,Furnished,91846.0,5.94,11.79,370521.0
802,1714.0,5,3,2,14.0,rural,Average,No,Semi,64678.0,0.58,7.24,324324.0
134,3565.0,4,1,1,8.0,rural,Poor,,Unfurnished,53461.0,5.12,14.01,547229.5
895,873.0,1,2,2,27.0,Suburban,Poor,,Unfurnished,37482.0,9.04,7.96,91495.0
474,535.0,4,1,1,17.0,Rural,Average,No,Unfurnished,83288.0,6.47,14.59,74348.0
677,3761.0,1,1,1,4.0,Rural,Average,Yes,Semi,34345.0,3.05,10.12,564702.5
616,2707.0,1,2,1,18.0,rural,Good,,Furnished,114389.0,2.06,8.9,419950.5
877,889.0,3,2,2,19.0,Urban,Good,No,Unfurnished,116498.0,5.78,13.57,174878.0
437,3827.0,5,2,2,13.0,rural,Average,Yes,Semi,,1.79,7.78,645000.5
192,3125.0,3,2,2,,rural,Poor,Yes,Semifurnished,35123.0,8.85,1.18,494532.5
30,959.0,5,2,2,27.0,Urban,Good,Yes,Furnished,75963.0,4.35,7.49,184363.5
547,2164.0,2,3,2,3.0,rural,Poor,No,Unfurnished,66705.0,7.38,5.78,358954.5
905,1740.0,4,2,1,8.0,rural,Poor,Yes,Unfurnished,66118.0,2.89,10.89,285094.0
826,2182.0,1,3,1,3.0,,Good,,Furnished,146277.0,3.07,10.86,391848.5
615,1395.0,5,1,1,18.0,rural,Poor,Yes,Semi,77692.0,3.89,7.65,227873.0
112,992.0,5,2,2,28.0,Rural,Poor,No,Furnished,105936.0,4.52,1.63,182371.0
17,630.0,3,1,1,1.0,,Poor,No,Semi,107508.0,3.05,13.28,147686.0
244,,5,2,1,,rural,Average,Yes,Furnished,78655.0,7.0,8.91,365097.5
672,1477.0,1,1,1,20.0,,Poor,No,Semi,146881.0,2.99,6.53,239288.5
607,1848.0,5,1,1,4.0,Urban,Poor,,Semifurnished,75182.0,9.48,3.36,337432.0
535,2310.0,5,3,1,15.0,Rural,Poor,Yes,Semifurnished,103795.0,8.74,8.4,399248.5
457,3675.0,4,3,1,,Urban,Poor,Yes,Semifurnished,63481.0,4.32,6.06,602695.5
179,3978.0,3,3,2,29.0,rural,Good,No,Unfurnished,120552.0,1.25,5.15,655585.0
723,1565.0,5,2,2,24.0,Urban,Average,Yes,Semi,23749.0,7.28,6.27,231453.5
841,1853.0,5,1,1,15.0,Urban,Good,Yes,Unfurnished,70387.0,4.15,11.01,290495.5
43,689.0,1,1,1,2.0,Suburban,Average,Yes,Unfurnished,,5.28,7.28,110482.5
680,2048.0,4,2,2,29.0,Urban,Average,Yes,Unfurnished,67779.0,9.44,7.17,308799.5
552,4857.0,5,3,2,26.0,Suburban,Good,Yes,Semifurnished,90821.0,7.89,13.37,247841.5
869,2536.0,2,1,1,22.0,,Good,,Semi,70711.0,1.58,12.98,378145.5
857,3749.0,4,3,2,11.0,Rural,Poor,Yes,Furnished,90871.0,9.4,5.38,599465.5
246,3652.0,3,2,2,27.0,rural,Poor,No,Semi,113448.0,7.77,13.72,528660.0
708,1890.0,5,3,2,14.0,Rural,Average,No,Semi,89263.0,3.8,4.23,344493.5
941,,5,3,1,1.0,,Poor,No,Semifurnished,87136.0,6.93,4.22,293936.0
594,2570.0,3,2,1,8.0,,Average,Yes,Furnished,77241.0,1.19,4.38,882261.0
721,1562.0,3,1,2,18.0,rural,Average,No,Semi,102357.0,6.65,13.13,240163.5
170,1363.0,5,2,1,,rural,Average,Yes,Furnished,44502.0,9.68,1.2,262095.0
661,3568.0,3,2,1,1.0,Suburban,Average,Yes,Semi,102994.0,8.64,4.19,604809.0
726,2945.0,1,2,2,26.0,Rural,Good,Yes,Unfurnished,48477.0,1.61,0.69,436864.5
187,1683.0,4,3,1,,Rural,Poor,Yes,Furnished,113301.0,2.77,7.72,319457.5
412,1743.0,5,1,1,,rural,Average,Yes,Furnished,65772.0,4.04,10.64,272164.0
634,2130.0,1,1,2,19.0,Urban,Poor,Yes,Semifurnished,96768.0,6.47,5.22,300730.0
703,2319.0,5,1,1,27.0,Urban,Poor,No,Unfurnished,50461.0,9.11,13.13,331574.5
45,3234.0,5,1,2,22.0,Urban,Average,Yes,Semi,,1.79,14.44,506344.5
765,1010.0,5,1,1,,Suburban,Average,No,Unfurnished,109452.0,8.53,4.64,163630.0
563,3337.0,2,2,2,20.0,Suburban,Average,No,Unfurnished,35994.0,3.14,1.46,496840.0
273,793.0,5,3,1,2.0,,Good,No,Furnished,115377.0,1.36,9.26,204334.5
15,3671.0,3,1,2,,Urban,Average,Yes,Semi,45163.0,2.9,14.64,545822.5
436,1684.0,2,3,2,9.0,Rural,Poor,No,Furnished,110925.0,3.32,6.01,323637.5
406,,4,2,2,13.0,rural,Poor,Yes,Semi,,7.37,7.2,188859.0
214,1806.0,2,2,2,8.0,Rural,Poor,No,Semi,32716.0,9.03,2.33,270199.0
598,3671.0,5,3,1,,Suburban,Average,Yes,Unfurnished,144462.0,7.24,14.14,648259.0
360,1377.0,2,2,2,7.0,rural,Average,Yes,Semifurnished,26130.0,4.07,13.82,182820.0
293,2950.0,5,2,1,15.0,Rural,Good,No,Semifurnished,70577.0,7.15,14.02,447705.5
951,1173.0,3,3,1,19.0,rural,Average,No,Unfurnished,83668.0,4.1,9.85,213107.0
353,3057.0,1,1,1,14.0,,Average,Yes,Unfurnished,34457.0,1.7,4.29,437252.5
509,2811.0,5,3,1,16.0,rural,Poor,,Semifurnished,119397.0,1.64,4.22,491019.5
697,895.0,2,3,1,19.0,Suburban,Poor,,Unfurnished,109317.0,1.1,9.94,188973.5
783,3697.0,4,3,1,29.0,Urban,Poor,No,Semifurnished,68632.0,1.22,12.69,580879.0
274,2827.0,2,1,1,14.0,Rural,Good,Yes,Unfurnished,62863.0,3.0,7.65,413590.5
586,2979.0,3,1,2,25.0,Rural,Good,No,Semifurnished,104627.0,2.3,4.39,489816.5
883,2444.0,4,1,2,,Urban,Poor,Yes,Unfurnished,,6.57,10.18,400641.5
133,2778.0,5,2,2,18.0,Rural,Poor,No,Semifurnished,30725.0,5.06,14.18,415795.5
154,3160.0,2,2,2,22.0,Urban,Average,Yes,Unfurnished,114952.0,6.42,1.26,501029.0
292,2455.0,1,1,2,,Urban,Average,,Furnished,41411.0,2.03,2.68,325475.5
287,3920.0,4,1,1,25.0,rural,Poor,No,Semifurnished,47445.0,1.7,8.3,599667.5
935,,5,3,1,7.0,rural,Poor,Yes,Semi,54808.0,4.04,11.33,452988.0
308,3419.0,3,2,2,1.0,Rural,Good,Yes,Furnished,58285.0,8.4,13.71,547062.5
201,1863.0,3,2,2,11.0,Urban,Average,No,Semifurnished,66098.0,8.01,6.98,311814.0
70,1890.0,4,1,2,22.0,,Good,Yes,Unfurnished,141225.0,4.74,8.04,342463.5
468,1420.0,2,2,1,29.0,Rural,Good,Yes,Semi,83044.0,1.94,13.73,184339.0
871,9837.0,3,2,2,17.0,Rural,Poor,No,Unfurnished,119811.0,5.11,2.78,538232.5
988,,4,2,2,14.0,Urban,Good,No,Semifurnished,40655.0,9.42,1.64,293509.5
497,2861.0,5,1,1,22.0,Suburban,Average,No,Semifurnished,46505.0,7.34,2.86,429250.5
4,1630.0,1,1,1,13.0,Urban,Poor,,Furnished,23491.0,4.14,7.02,235893.5
583,3459.0,2,2,1,17.0,Suburban,Poor,No,Semi,33403.0,2.81,5.61,506892.5
150,2395.0,3,1,2,18.0,rural,Good,Yes,Semi,37794.0,5.66,3.39,360159.0
933,3004.0,5,2,1,,rural,Poor,No,Unfurnished,60733.0,7.09,1.86,508039.5
604,,2,1,1,8.0,Suburban,Poor,No,Semifurnished,,9.7,11.53,306330.5
996,3677.0,4,1,2,14.0,rural,Good,No,Unfurnished,26073.0,1.2,11.25,565754.5
3,1794.0,2,1,1,1.0,Suburban,Poor,Yes,Furnished,149949.0,9.15,0.52,337749.5
252,2089.0,3,2,2,21.0,Rural,Good,Yes,Semifurnished,69570.0,6.32,11.62,299573.0
26,5145.0,5,3,2,16.0,Suburban,Good,,Semifurnished,64980.0,1.89,7.07,321647.0
211,3796.0,3,3,2,1.0,rural,Average,Yes,Unfurnished,91206.0,4.36,14.33,1215866.0
730,3734.0,3,3,1,6.0,Rural,Good,No,Semifurnished,58104.0,5.08,2.5,611809.0
738,3645.0,2,2,2,16.0,,Average,,Unfurnished,61445.0,7.29,12.21,515437.5
462,2000.0,5,1,2,2.0,rural,Good,,Furnished,143714.0,3.83,7.88,409138.0
401,1459.0,4,3,1,21.0,rural,Good,No,Semi,125702.0,0.98,14.45,264011.0
717,1992.0,3,1,1,4.0,Urban,Poor,Yes,Unfurnished,322904.0,9.37,9.41,316909.0
342,3691.0,5,3,1,26.0,Suburban,Poor,No,Semi,112969.0,5.86,2.34,619424.5
536,1581.0,1,1,1,26.0,Rural,Average,No,Furnished,76920.0,4.61,4.61,444654.0
217,1472.0,1,3,2,21.0,Rural,Average,Yes,Furnished,73144.0,9.4,10.08,206607.0
209,11406.0,5,1,2,12.0,,Average,,Unfurnished,110054.0,4.3,8.2,612110.0
881,1208.0,4,2,2,0.0,rural,Good,No,Furnished,86830.0,6.82,5.22,255283.0
838,970.0,4,3,1,0.0,rural,Poor,Yes,Semifurnished,117382.0,8.01,1.58,260552.0
632,2944.0,5,1,1,14.0,Rural,Good,Yes,Semi,58090.0,2.84,8.64,472436.0
725,3482.0,5,2,2,15.0,,Good,No,Furnished,132313.0,5.41,10.18,584666.5
5,1595.0,4,2,1,13.0,Rural,Good,Yes,Unfurnished,20706.0,6.49,12.63,241670.0
855,3245.0,1,3,1,19.0,rural,Good,Yes,Furnished,43350.0,1.73,3.22,486248.0
489,3274.0,4,1,1,1.0,Suburban,Good,Yes,Semi,138647.0,9.24,12.38,546249.5
478,3059.0,5,3,2,5.0,Rural,Good,No,Semifurnished,87084.0,4.21,6.64,542931.0
550,,5,3,2,23.0,Urban,Average,Yes,Semifurnished,80390.0,4.71,6.74,203370.0
52,3702.0,5,1,2,28.0,rural,Average,Yes,Semifurnished,35366.0,8.25,7.23,552896.0
176,,1,1,1,3.0,,Average,Yes,Furnished,117228.0,6.9,9.91,375539.0
644,3152.0,3,1,1,27.0,,Poor,No,Semi,,3.14,1.39,468580.0
343,2196.0,1,2,2,3.0,Urban,Poor,,Unfurnished,111493.0,2.45,5.67,380289.5
831,,3,1,1,5.0,rural,Average,Yes,Furnished,98929.0,7.53,0.52,617207.5
492,550.0,3,2,1,10.0,Urban,Poor,No,Semifurnished,143402.0,7.53,8.21,152791.0
392,2985.0,5,2,1,27.0,Urban,Good,Yes,Furnished,146044.0,8.82,4.34,486606.0
608,1015.0,1,1,1,10.0,Rural,Poor,No,Furnished,52991.0,6.9,13.19,135911.5
235,1636.0,5,2,2,5.0,,Good,Yes,Semi,28720.0,5.89,6.73,267353.0
456,1284.0,2,2,1,,Suburban,Average,No,Semifurnished,114202.0,3.7,6.4,210532.0
806,1323.0,3,1,1,16.0,Rural,Average,Yes,Unfurnished,277736.0,1.0,7.86,222146.0
57,1797.0,1,1,2,16.0,Rural,Average,Yes,Semi,,6.48,5.34,298553.0
124,4986.0,3,3,1,4.0,Rural,Average,,Furnished,99380.0,2.95,6.8,310174.0
853,3223.0,4,1,1,9.0,Rural,Poor,No,Semifurnished,93474.0,5.47,5.14,540857.0
553,1641.0,1,2,1,1.0,,Average,Yes,Unfurnished,29589.0,4.13,1.09,265813.5
494,3761.0,3,2,1,,rural,Average,Yes,Semi,,6.26,1.18,607850.0
35,3404.0,5,1,2,1.0,,Average,No,Semi,142016.0,3.06,14.11,550154.0
947,3643.0,3,1,2,8.0,Suburban,Average,Yes,Semifurnished,135306.0,8.18,5.49,613253.0
42,6918.0,2,1,1,6.0,Urban,Poor,No,Unfurnished,101297.0,9.2,5.1,372841.5
808,1433.0,2,3,1,25.0,rural,Average,No,Semifurnished,40269.0,9.57,12.25,185360.5
90,3277.0,2,3,2,29.0,Rural,Average,No,Furnished,65124.0,1.87,2.92,497064.0
815,2352.0,4,2,1,10.0,rural,Good,No,Semifurnished,101494.0,7.12,13.84,397261.0
377,2700.0,3,1,2,9.0,Suburban,Good,Yes,Semifurnished,103021.0,1.94,5.21,209230.5
628,,5,3,2,3.0,Suburban,Average,No,Furnished,85034.0,8.95,1.79,384568.0
758,2886.0,3,3,1,,,Good,No,Furnished,68733.0,6.99,13.99,423738.5
328,952.0,1,3,1,6.0,Suburban,Poor,Yes,Semi,138070.0,3.89,11.21,202434.0
143,3619.0,4,1,1,,Urban,Good,No,Semifurnished,131672.0,4.91,7.63,614054.0
834,3986.0,4,2,2,16.0,,Good,No,Semifurnished,22251.0,4.4,10.29,610900.5
391,1062.0,3,2,2,14.0,Rural,Poor,Yes,Semifurnished,,1.53,11.73,236448.5
768,1824.0,4,2,1,16.0,Rural,Good,No,Unfurnished,131957.0,1.98,1.32,345480.5
637,3046.0,3,3,1,7.0,Suburban,Average,Yes,Semi,76030.0,3.16,4.65,519592.0
971,3400.0,2,2,2,25.0,rural,Average,Yes,Unfurnished,99910.0,8.36,0.58,503647.0
955,3877.0,3,1,2,16.0,Rural,Average,,Semi,128835.0,9.33,8.54,622258.5
942,987.0,5,2,1,5.0,Suburban,Poor,No,Furnished,80740.0,8.13,9.1,199692.0
577,2641.0,5,1,2,19.0,Rural,Average,Yes,Semi,38316.0,4.93,3.24,407529.0
331,3562.0,1,2,1,18.0,Suburban,Poor,No,Semifurnished,134775.0,4.08,6.78,576731.5
1,3674.0,2,1,2,22.0,,Poor,Yes,Semi,122877.0,1.52,4.91,588012.5
981,2645.0,2,3,2,,Suburban,Good,Yes,Unfurnished,123496.0,9.37,0.51,474465.0
481,13239.0,4,2,1,25.0,,Poor,Yes,Semifurnished,108416.0,5.76,1.17,270600.0
115,2562.0,3,3,2,21.0,Suburban,Average,No,Furnished,,7.46,6.2,428260.5
2,1360.0,1,2,2,8.0,rural,Poor,No,Furnished,35339.0,7.92,1.75,195124.5
132,2296.0,3,3,1,10.0,Urban,Good,Yes,Semi,41395.0,9.96,7.25,346599.5
480,3201.0,3,1,2,17.0,rural,Average,No,Semi,90601.0,9.16,6.91,500693.5
745,1697.0,5,3,2,1.0,Urban,Poor,No,Semi,127967.0,4.03,1.55,373204.5
859,3279.0,1,2,2,1.0,Rural,Poor,No,Furnished,66015.0,8.76,5.04,525346.5
